-- phpMyAdmin SQL Dump
-- version 4.0.4.1
-- http://www.phpmyadmin.net
--
-- Host: 127.0.0.1
-- Generation Time: Apr 09, 2014 at 02:19 AM
-- Server version: 5.6.11
-- PHP Version: 5.5.3

SET SQL_MODE = "NO_AUTO_VALUE_ON_ZERO";
SET time_zone = "+00:00";


/*!40101 SET @OLD_CHARACTER_SET_CLIENT=@@CHARACTER_SET_CLIENT */;
/*!40101 SET @OLD_CHARACTER_SET_RESULTS=@@CHARACTER_SET_RESULTS */;
/*!40101 SET @OLD_COLLATION_CONNECTION=@@COLLATION_CONNECTION */;
/*!40101 SET NAMES utf8 */;

--
-- Database: `exchange`
--
CREATE DATABASE IF NOT EXISTS `exchange` DEFAULT CHARACTER SET utf8 COLLATE utf8_bin;
USE `exchange`;

-- --------------------------------------------------------

--
-- Table structure for table `accounts`
--

CREATE TABLE IF NOT EXISTS `accounts` (
  `id` int(11) NOT NULL AUTO_INCREMENT,
  `owner_name` varchar(200) COLLATE utf8_bin DEFAULT NULL,
  `account_number` varchar(50) COLLATE utf8_bin DEFAULT NULL,
  `balance` bigint(20) DEFAULT NULL,
  `date_created` datetime DEFAULT NULL,
  `detail` varchar(200) COLLATE utf8_bin DEFAULT NULL,
  PRIMARY KEY (`id`)
) ENGINE=InnoDB  DEFAULT CHARSET=utf8 COLLATE=utf8_bin AUTO_INCREMENT=6 ;

--
-- Dumping data for table `accounts`
--

INSERT INTO `accounts` (`id`, `owner_name`, `account_number`, `balance`, `date_created`, `detail`) VALUES
(1, 'دیاکۆ ئەمیر رەحمان', '251', NULL, '2014-04-08 02:45:37', 'wewe'),
(2, 'wewe', 'wdrew', NULL, '2014-04-08 02:45:48', 'wewe'),
(3, '4t543', '8520', NULL, '2014-04-08 02:51:25', 'retgert'),
(4, 'محمد ابراهیم زاده', '07505149171', NULL, '2014-04-08 09:38:16', 'لیبلبیل بیلبیل یبل یبل یب'),
(5, 'باوەری ماموەستا جەمال', '07702260787', NULL, '2014-04-08 11:04:56', 'point');

-- --------------------------------------------------------

--
-- Table structure for table `expense`
--

CREATE TABLE IF NOT EXISTS `expense` (
  `id` int(11) NOT NULL AUTO_INCREMENT,
  `id_user` int(11) DEFAULT NULL,
  `date_time` datetime DEFAULT NULL,
  `a_dollar` decimal(12,0) DEFAULT NULL,
  `a_dinar` decimal(20,0) DEFAULT NULL,
  `description` varchar(200) COLLATE utf8_bin NOT NULL,
  `detail` varchar(200) COLLATE utf8_bin DEFAULT NULL,
  PRIMARY KEY (`id`)
) ENGINE=InnoDB  DEFAULT CHARSET=utf8 COLLATE=utf8_bin AUTO_INCREMENT=61 ;

--
-- Dumping data for table `expense`
--

INSERT INTO `expense` (`id`, `id_user`, `date_time`, `a_dollar`, `a_dinar`, `description`, `detail`) VALUES
(1, 1, '2014-04-10 00:00:00', '200', '50000', 'sigaret', 'kak bawar'),
(2, NULL, '2014-04-08 14:50:17', '600', '0', 'gg', 'fff'),
(3, NULL, '2014-04-08 14:52:31', '32432', '32432', '3432', '3242'),
(4, NULL, '2014-04-08 14:52:52', '345', '3453', '345', '34535'),
(5, NULL, NULL, '23', '1231', '12321', '213'),
(6, NULL, '2014-04-08 14:54:54', '213123', '123123', '321321', '312313'),
(7, NULL, '2014-04-08 14:55:55', '32423', '2342', '23432', '32432'),
(8, NULL, '2014-04-08 14:56:56', '32423', '2342', '23432', '32432'),
(9, NULL, '2014-04-08 15:02:02', '32423', '2342', '23432', '32432'),
(10, NULL, '2014-04-08 15:03:03', '32423', '2342', '23432', '32432'),
(11, NULL, '2014-04-08 15:03:03', '32423', '2342', '23432', '32432'),
(12, NULL, '2014-04-08 15:03:03', '77', '77', '77', '77'),
(13, NULL, '2014-04-08 15:03:03', '32423', '2342', '23432', '32432'),
(14, NULL, '2014-04-08 15:03:03', '32423', '2342', '23432', '32432'),
(15, NULL, '2014-04-08 15:08:08', '32423', '2342', '23432', '32432'),
(16, NULL, '2014-04-08 15:08:08', '32423', '2342', '23432', '32432'),
(17, NULL, '2014-04-08 15:08:08', '32423', '2342', '23432', '32432'),
(18, NULL, '2014-04-08 15:08:08', '32423', '2342', '23432', '32432'),
(19, NULL, '2014-04-08 15:08:08', '32423', '2342', '23432', '32432'),
(20, NULL, '2014-04-08 15:08:08', '32423', '2342', '23432', '32432'),
(21, NULL, '2014-04-08 15:08:08', '3432', '23423', '234324', ''),
(22, NULL, '2014-04-08 15:08:08', '32423', '2342', '23432', '32432'),
(23, NULL, NULL, '1000', '0', 'test', '0'),
(24, NULL, '2014-04-08 15:08:08', '32423', '2342', '23432', '32432'),
(25, NULL, '2014-04-08 15:08:08', '32423', '2342', '23432', '32432'),
(26, NULL, '2014-04-08 15:08:08', '32423', '2342', '23432', '32432'),
(27, NULL, '2014-04-08 15:08:08', '312321', '123123', '12312', '31231231'),
(28, NULL, '2014-04-08 15:53:53', '400', '0', 'test', ''),
(29, NULL, '2014-04-08 15:54:54', '1', '0', 'we', ''),
(30, NULL, '2014-04-08 15:55:55', '600', '0', 'test', '0'),
(31, NULL, '2014-04-08 15:55:55', '600', '0', 'test', '0'),
(32, NULL, '2014-04-08 15:56:56', '600', '0', 'test', '0'),
(33, NULL, '2014-04-08 15:56:56', '600', '0', 'test', '0'),
(34, NULL, '2014-04-08 15:57:57', '6000', '0', 'test', '0'),
(35, NULL, '2014-04-08 15:58:58', '6000', '0', 'test', '0'),
(36, NULL, '2014-04-08 15:58:58', '6000', '3000', 'تست', ''),
(37, NULL, '2014-04-08 15:59:59', '6000', '3000', 'تست', ''),
(38, NULL, '2014-04-08 15:59:59', '1', '1', '1', '1'),
(39, NULL, '2014-04-08 16:00:00', '6000', '0', 'test', '0'),
(40, NULL, '2014-04-08 16:00:00', '6000', '0', 'test', '0'),
(41, NULL, '2014-04-08 16:01:01', '6000', '0', 'test', '0'),
(42, NULL, '2014-04-08 16:01:01', '2', '2', '2', '2'),
(43, NULL, '2014-04-08 16:06:06', '3', '3', '3', '3'),
(44, NULL, '2014-04-08 16:06:06', '6000', '0', 'test', '0'),
(45, NULL, '2014-04-08 16:07:07', '520', '3242', 'test', '0'),
(46, NULL, NULL, '6004', '0', 'test', '0'),
(47, NULL, '2014-04-08 16:50:50', '400', '0', 'diako33', '0'),
(55, NULL, '2014-04-08 17:14:14', '32', '0', '', ''),
(59, NULL, '2014-04-08 19:39:39', '60000', '0', '', ''),
(60, NULL, '2014-04-08 21:03:03', '100000', '0', '', '');

-- --------------------------------------------------------

--
-- Table structure for table `fund`
--

CREATE TABLE IF NOT EXISTS `fund` (
  `id` int(11) NOT NULL AUTO_INCREMENT,
  `id_user` int(11) DEFAULT NULL,
  `date_time` datetime DEFAULT NULL,
  `type` varchar(50) COLLATE utf8_bin NOT NULL,
  `id_f` int(11) DEFAULT NULL,
  `a_dollar` decimal(12,0) DEFAULT NULL,
  `a_dinar` decimal(20,0) DEFAULT NULL,
  `a_tman` decimal(20,0) DEFAULT NULL,
  `detail` varchar(200) COLLATE utf8_bin DEFAULT NULL,
  `box_dollar` decimal(12,0) DEFAULT NULL,
  `box_dinar` decimal(20,0) DEFAULT NULL,
  `box_tman` decimal(20,0) DEFAULT NULL,
  PRIMARY KEY (`id`)
) ENGINE=InnoDB  DEFAULT CHARSET=utf8 COLLATE=utf8_bin AUTO_INCREMENT=71 ;

--
-- Dumping data for table `fund`
--

INSERT INTO `fund` (`id`, `id_user`, `date_time`, `type`, `id_f`, `a_dollar`, `a_dinar`, `a_tman`, `detail`, `box_dollar`, `box_dinar`, `box_tman`) VALUES
(1, 1, '2014-04-19 00:10:00', 'expense', 3, '-140', '-124000', NULL, 'for test', '500', '0', '0'),
(2, NULL, NULL, 'expense', NULL, '600', '0', '0', 'ewqeew', '600', '0', '0'),
(3, NULL, NULL, 'expense', NULL, '600', '0', '0', 'ewqeew', '600', '0', '0'),
(4, NULL, NULL, '450', NULL, '6455', '656', '6565', '65655', '6455', '656', '6565'),
(5, NULL, NULL, '٣٤٢٣٤', NULL, '1000', '0', '0', '', '1000', '0', '0'),
(6, NULL, NULL, '1000', NULL, '0', '0', '0', '', '1000', '0', '0'),
(7, NULL, NULL, 'expense', NULL, '600', '0', '0', 'ewqeew', '1600', '0', '0'),
(8, NULL, NULL, 'expense', NULL, '600', '0', '0', 'ewqeew', '2200', '0', '0'),
(9, NULL, NULL, 'dfdsf', NULL, '0', '300000', '0', '', '2200', '300000', '0'),
(10, NULL, NULL, '', NULL, '0', '600000', '0', 'dsgfsdgfds', '2200', '900000', '0'),
(11, NULL, '2014-04-08 15:56:56', 'expense', NULL, '600', '0', NULL, 'test', '2800', '900000', '0'),
(12, NULL, '2014-04-08 15:56:56', 'expense', NULL, '600', '0', '0', 'test', '3400', '900000', '0'),
(13, NULL, '2014-04-08 15:57:57', 'expense', NULL, '-6000', '0', '0', 'test', '-2600', '900000', '0'),
(15, NULL, '2014-04-08 15:58:58', 'expense', NULL, '-6000', '-3000', '0', 'تست', '-8600', '897000', '0'),
(17, NULL, '2014-04-08 15:59:59', 'expense', NULL, '-1', '-1', '0', '1', '-8601', '896999', '0'),
(18, NULL, '2014-04-08 16:00:00', 'expense', NULL, '-6000', '0', '0', 'test', '-14601', '896999', '0'),
(19, NULL, '2014-04-08 16:00:00', 'expense', NULL, '-6000', '0', '0', 'test', '-20601', '896999', '0'),
(27, NULL, '2014-04-08 17:03:03', 'expense', 50, '-900', '0', '0', '', '-20601', '896999', '0'),
(28, NULL, '2014-04-08 17:04:04', 'expense', 51, '-4', '0', '0', '', '-20601', '896999', '0'),
(31, NULL, '2014-04-08 17:14:14', 'expense', 54, '-21', '0', '0', '', '-20622', '896999', '0'),
(32, NULL, '2014-04-08 17:14:14', 'expense', 55, '-32', '0', '0', '', '-20654', '896999', '0'),
(33, NULL, '2014-04-08 17:15:15', 'expense', 56, '-32322', '0', '0', '', '-52976', '896999', '0'),
(34, NULL, '2014-04-08 17:16:16', 'expense', 57, '-11', '0', '0', '', '-52987', '896999', '0'),
(36, NULL, '2014-04-08 18:58:58', 'loan_payout', 2, '-600', '0', '0', NULL, '-53587', '896999', '0'),
(37, NULL, '2014-04-08 19:00:00', 'loan_payout', 3, '-350', '-350000', '0', NULL, '-53937', '546999', '0'),
(38, NULL, '2014-04-08 19:01:01', 'loan_payout', 4, '-350', '-350000', '0', NULL, '-54287', '196999', '0'),
(40, NULL, '2014-04-08 19:02:02', 'loan_payout', 6, '-350', '-350000', '-3000000', '36325', '-54637', '-153001', '-3000000'),
(43, NULL, '2014-04-08 19:39:39', 'expense', 59, '-60000', '0', '0', '', '-114637', '-153001', '-3000000'),
(45, NULL, '2014-04-08 19:47:47', 'loan_payment', 10, '0', '0', '3000000', 'دیاکۆ ئەمیر رەحمان', '-114637', '-153001', '0'),
(46, NULL, '2014-04-08 19:49:49', 'loan_payment', 11, '0', '0', '600000', 'محمد ابراهیم زاده', '-114637', '-153001', '600000'),
(47, NULL, '2014-04-08 21:03:03', 'expense', 60, '-100000', '0', '0', '', '-214637', '-153001', '600000'),
(48, NULL, '2014-04-08 21:05:05', 'loan_payment', 12, '100000', '125000', '0', 'باوەری ماموەستا جەمال', '-114637', '-28001', '600000'),
(49, NULL, '2014-04-08 21:09:09', 'loan_payout', 10, '-50000', '0', '0', 'باوەری ماموەستا جەمال', '-164637', '-28001', '600000'),
(50, NULL, NULL, 'exchange', NULL, '100', '-124000', '0', '', '-164537', '-152001', '600000'),
(51, NULL, '2014-04-08 22:57:57', 'order_payment', 2, '500', '300', '200', NULL, '-164037', '-151701', '600200'),
(52, NULL, '2014-04-08 22:57:57', 'order_payment', 3, '500', '300', '200', NULL, '-163537', '-151401', '600400'),
(53, NULL, '2014-04-08 22:57:57', 'order_payment', 4, '500', '300', '200', NULL, '-163037', '-151101', '600600'),
(54, NULL, '2014-04-08 22:57:57', 'order_payment', 5, '500', '300', '200', NULL, '-162537', '-150801', '600800'),
(55, NULL, '2014-04-08 22:57:57', 'order_payment', 6, '500', '300', '200', NULL, '-162037', '-150501', '601000'),
(56, NULL, '2014-04-08 22:57:57', 'order_payment', 7, '500', '300', '200', NULL, '-161537', '-150201', '601200'),
(57, NULL, '2014-04-08 22:57:57', 'order_payment', 8, '500', '300', '200', NULL, '-161037', '-149901', '601400'),
(58, NULL, '2014-04-08 22:57:57', 'order_payment', 9, '500', '300', '200', NULL, '-160537', '-149601', '601600'),
(59, NULL, '2014-04-08 22:58:58', 'order_payment', 10, '500', '300', '200', NULL, '-160037', '-149301', '601800'),
(60, NULL, '2014-04-08 22:58:58', 'order_payment', 11, '500', '300', '200', 'll', '-159537', '-149001', '602000'),
(62, NULL, '2014-04-08 23:24:24', 'order_payment', 13, '850', '150', '0', 'm&m -> N7N / ', '-158687', '-148851', '602000'),
(63, NULL, '2014-04-08 23:25:25', 'order_payment', 14, '158', '350000', '2000000', 'safi -> kafi / ', '-158529', '201149', '2602000'),
(64, NULL, '2014-04-09 01:03:03', 'order_payment', 15, '5000', '600000', '25000000', 'دیاکۆ ئەمیر -> ئاکۆ شەریفی / بۆکان', '-153529', '801149', '27602000'),
(65, NULL, '2014-04-09 01:55:55', 'order_payout', 1, '6565', '65', '65', '65 -> 6565 / 65', '-146964', '801214', '27602065'),
(66, NULL, NULL, 'exchange', NULL, '4000', '-2540000', '0', '3232', '-142964', '-1738786', '27602065'),
(67, NULL, NULL, 'exchange', NULL, '4000', '-2540000', '0', '3232', '-138964', '-4278786', '27602065'),
(68, NULL, NULL, 'exchange', NULL, '900', '-36000', '0', '', '-138064', '-4314786', '27602065'),
(69, NULL, '2014-04-09 02:06:06', 'loan_payment', 13, '36000', '0', '0', 'دیاکۆ ئەمیر رەحمان', '-102064', '-4314786', '27602065'),
(70, NULL, '2014-04-09 02:07:07', 'loan_payout', 11, '-50000', '0', '0', 'دیاکۆ ئەمیر رەحمان', '-152064', '-4314786', '27602065');

-- --------------------------------------------------------

--
-- Table structure for table `loan_payment`
--

CREATE TABLE IF NOT EXISTS `loan_payment` (
  `id` int(11) NOT NULL AUTO_INCREMENT,
  `id_user` int(11) DEFAULT NULL,
  `id_account` int(11) NOT NULL,
  `date_time` datetime DEFAULT NULL,
  `a_dollar` decimal(12,0) DEFAULT NULL,
  `a_dinar` decimal(20,0) DEFAULT NULL,
  `a_tman` decimal(20,0) DEFAULT NULL,
  `detail` varchar(200) COLLATE utf8_bin DEFAULT NULL,
  PRIMARY KEY (`id`)
) ENGINE=InnoDB  DEFAULT CHARSET=utf8 COLLATE=utf8_bin AUTO_INCREMENT=14 ;

--
-- Dumping data for table `loan_payment`
--

INSERT INTO `loan_payment` (`id`, `id_user`, `id_account`, `date_time`, `a_dollar`, `a_dinar`, `a_tman`, `detail`) VALUES
(10, NULL, 1, '2014-04-08 19:47:47', '0', '0', '3000000', ''),
(11, NULL, 4, '2014-04-08 19:49:49', '0', '0', '600000', ''),
(12, NULL, 5, '2014-04-08 21:05:05', '100000', '125000', '0', ''),
(13, NULL, 1, '2014-04-09 02:06:06', '36000', '0', '0', '');

-- --------------------------------------------------------

--
-- Table structure for table `loan_payout`
--

CREATE TABLE IF NOT EXISTS `loan_payout` (
  `id` int(11) NOT NULL AUTO_INCREMENT,
  `id_user` int(11) DEFAULT NULL,
  `id_account` int(11) NOT NULL,
  `date_time` datetime DEFAULT NULL,
  `a_dollar` decimal(12,0) DEFAULT NULL,
  `a_dinar` decimal(20,0) DEFAULT NULL,
  `a_tman` decimal(20,0) DEFAULT NULL,
  `detail` varchar(200) COLLATE utf8_bin DEFAULT NULL,
  PRIMARY KEY (`id`)
) ENGINE=InnoDB  DEFAULT CHARSET=utf8 COLLATE=utf8_bin AUTO_INCREMENT=12 ;

--
-- Dumping data for table `loan_payout`
--

INSERT INTO `loan_payout` (`id`, `id_user`, `id_account`, `date_time`, `a_dollar`, `a_dinar`, `a_tman`, `detail`) VALUES
(1, 1, 1, '2014-04-09 00:00:00', '300', NULL, NULL, 'test'),
(2, NULL, 2, '2014-04-08 18:58:58', '600', '0', '0', ''),
(3, NULL, 3, '2014-04-08 19:00:00', '350', '350000', '1000000', '36325'),
(4, NULL, 3, '2014-04-08 19:01:01', '350', '350000', '1000000', '36325'),
(6, NULL, 2, '2014-04-08 19:02:02', '350', '350000', '3000000', '36325'),
(7, NULL, 1, '2014-04-08 19:10:10', '600', '0', '0', '00'),
(10, NULL, 5, '2014-04-08 21:09:09', '50000', '0', '0', ''),
(11, NULL, 1, '2014-04-09 02:07:07', '50000', '0', '0', '');

-- --------------------------------------------------------

--
-- Table structure for table `order_payment`
--

CREATE TABLE IF NOT EXISTS `order_payment` (
  `id` int(11) NOT NULL AUTO_INCREMENT,
  `id_user` int(11) DEFAULT NULL,
  `date_time` datetime DEFAULT NULL,
  `a_dollar` decimal(20,0) DEFAULT NULL,
  `a_dinar` decimal(20,0) DEFAULT NULL,
  `a_tman` decimal(20,0) DEFAULT NULL,
  `sender_name` varchar(100) COLLATE utf8_bin DEFAULT NULL,
  `sender_phone` varchar(100) COLLATE utf8_bin DEFAULT NULL,
  `reciever_name` varchar(100) COLLATE utf8_bin NOT NULL,
  `reciever_phone` varchar(100) COLLATE utf8_bin DEFAULT NULL,
  `reciever_address` varchar(200) COLLATE utf8_bin DEFAULT NULL,
  `state` varchar(50) COLLATE utf8_bin DEFAULT NULL,
  `detail` varchar(200) COLLATE utf8_bin DEFAULT NULL,
  PRIMARY KEY (`id`)
) ENGINE=InnoDB  DEFAULT CHARSET=utf8 COLLATE=utf8_bin AUTO_INCREMENT=16 ;

--
-- Dumping data for table `order_payment`
--

INSERT INTO `order_payment` (`id`, `id_user`, `date_time`, `a_dollar`, `a_dinar`, `a_tman`, `sender_name`, `sender_phone`, `reciever_name`, `reciever_phone`, `reciever_address`, `state`, `detail`) VALUES
(1, 1, '2014-04-10 00:00:00', '500', NULL, NULL, 'diako', '07505149171', '', NULL, NULL, NULL, 'good'),
(2, NULL, '2014-04-08 22:57:57', '500', '300', '200', 'diako amir', '07505149171', 'ako sharifi', '09357533638', 'bokan', NULL, 'test'),
(3, NULL, '2014-04-08 22:57:57', '500', '300', '200', 'diako amir', '07505149171', 'ako sharifi', '09357533638', 'bokan', NULL, 'test'),
(4, NULL, '2014-04-08 22:57:57', '500', '300', '200', 'diako amir', '07505149171', 'ako sharifi', '09357533638', 'bokan', NULL, 'test'),
(5, NULL, '2014-04-08 22:57:57', '500', '300', '200', 'diako amir', '07505149171', 'ako sharifi', '09357533638', 'bokan', NULL, 'test'),
(6, NULL, '2014-04-08 22:57:57', '500', '300', '200', 'diako amir', '07505149171', 'ako sharifi', '09357533638', 'bokan', NULL, 'test'),
(7, NULL, '2014-04-08 22:57:57', '500', '300', '200', 'diako amir', '07505149171', 'ako sharifi', '09357533638', 'bokan', NULL, 'test'),
(8, NULL, '2014-04-08 22:57:57', '500', '300', '200', 'diako amir', '07505149171', 'ako sharifi', '09357533638', 'bokan', NULL, 'test'),
(9, NULL, '2014-04-08 22:57:57', '500', '300', '200', 'diako amir', '07505149171', 'ako sharifi', '09357533638', 'bokan', NULL, 'test'),
(10, NULL, '2014-04-08 22:58:58', '500', '300', '200', 'diako amir', '07505149171', 'ako sharifi', '09357533638', 'bokan', NULL, 'test'),
(11, NULL, '2014-04-08 22:58:58', '500', '300', '200', 'diako amir', '07505149171', 'ako sharifi', '09357533638', 'bokan', NULL, 'test'),
(13, NULL, '2014-04-08 23:24:24', '850', '150', '0', 'm&m', '', 'N7N', '65324136', '', NULL, '123'),
(14, NULL, '2014-04-08 23:25:25', '158', '350000', '2000000', 'safi', 'mafi', 'kafi', '', '', NULL, ''),
(15, NULL, '2014-04-09 01:03:03', '5000', '600000', '25000000', 'دیاکۆ ئەمیر', '07505149171', 'ئاکۆ شەریفی', '09357533638', 'بۆکان', NULL, 'زو بگاتە دەستی');

-- --------------------------------------------------------

--
-- Table structure for table `order_payout`
--

CREATE TABLE IF NOT EXISTS `order_payout` (
  `id` int(11) NOT NULL AUTO_INCREMENT,
  `id_user` int(11) DEFAULT NULL,
  `date_time` datetime DEFAULT NULL,
  `a_dollar` decimal(20,0) DEFAULT NULL,
  `a_dinar` decimal(20,0) DEFAULT NULL,
  `a_tman` decimal(20,0) DEFAULT NULL,
  `sender_name` varchar(100) COLLATE utf8_bin DEFAULT NULL,
  `sender_phone` varchar(100) COLLATE utf8_bin DEFAULT NULL,
  `reciever_name` varchar(100) COLLATE utf8_bin NOT NULL,
  `reciever_phone` varchar(100) COLLATE utf8_bin DEFAULT NULL,
  `reciever_address` varchar(200) COLLATE utf8_bin DEFAULT NULL,
  `state` varchar(50) COLLATE utf8_bin DEFAULT NULL,
  `detail` varchar(200) COLLATE utf8_bin DEFAULT NULL,
  PRIMARY KEY (`id`)
) ENGINE=InnoDB  DEFAULT CHARSET=utf8 COLLATE=utf8_bin AUTO_INCREMENT=2 ;

--
-- Dumping data for table `order_payout`
--

INSERT INTO `order_payout` (`id`, `id_user`, `date_time`, `a_dollar`, `a_dinar`, `a_tman`, `sender_name`, `sender_phone`, `reciever_name`, `reciever_phone`, `reciever_address`, `state`, `detail`) VALUES
(1, NULL, '2014-04-09 01:55:55', '6565', '65', '65', '65', '65', '6565', '6565', '65', NULL, '65');

-- --------------------------------------------------------

--
-- Table structure for table `payments`
--

CREATE TABLE IF NOT EXISTS `payments` (
  `id` int(11) NOT NULL AUTO_INCREMENT,
  `id_user` int(11) DEFAULT NULL,
  `id_account` int(11) DEFAULT NULL,
  `amount` int(11) DEFAULT NULL,
  `date` int(11) DEFAULT NULL,
  PRIMARY KEY (`id`)
) ENGINE=InnoDB  DEFAULT CHARSET=utf8 COLLATE=utf8_bin AUTO_INCREMENT=2 ;

--
-- Dumping data for table `payments`
--

INSERT INTO `payments` (`id`, `id_user`, `id_account`, `amount`, `date`) VALUES
(1, NULL, 1, 3600, 0);

-- --------------------------------------------------------

--
-- Table structure for table `payouts`
--

CREATE TABLE IF NOT EXISTS `payouts` (
  `id` int(11) NOT NULL AUTO_INCREMENT,
  `id_user` int(11) DEFAULT NULL,
  `id_account` int(11) DEFAULT NULL,
  `amount` bigint(20) DEFAULT NULL,
  `date` datetime DEFAULT NULL,
  PRIMARY KEY (`id`)
) ENGINE=InnoDB DEFAULT CHARSET=utf8 COLLATE=utf8_bin AUTO_INCREMENT=1 ;

-- --------------------------------------------------------

--
-- Table structure for table `user_activity`
--

CREATE TABLE IF NOT EXISTS `user_activity` (
  `id` int(11) NOT NULL AUTO_INCREMENT,
  `id_user` int(11) DEFAULT NULL,
  `action` varchar(200) COLLATE utf8_bin DEFAULT NULL,
  `detail` varchar(200) COLLATE utf8_bin DEFAULT NULL,
  `date` datetime DEFAULT NULL,
  `ip` varchar(50) COLLATE utf8_bin DEFAULT NULL,
  PRIMARY KEY (`id`)
) ENGINE=InnoDB  DEFAULT CHARSET=utf8 COLLATE=utf8_bin AUTO_INCREMENT=1641 ;

--
-- Dumping data for table `user_activity`
--

INSERT INTO `user_activity` (`id`, `id_user`, `action`, `detail`, `date`, `ip`) VALUES
(1, NULL, 'View accounts Table', NULL, '2014-04-08 02:18:34', NULL),
(2, NULL, 'View accounts Table', NULL, '2014-04-08 02:18:36', NULL),
(3, NULL, 'View accounts Table', NULL, '2014-04-08 02:18:56', NULL),
(4, NULL, 'View accounts Table', NULL, '2014-04-08 02:18:57', NULL),
(5, NULL, 'View accounts Table', NULL, '2014-04-08 02:19:52', NULL),
(6, NULL, 'View accounts Table', NULL, '2014-04-08 02:21:16', NULL),
(7, NULL, 'View accounts Table', NULL, '2014-04-08 02:21:47', NULL),
(8, NULL, 'View accounts Table', NULL, '2014-04-08 02:21:48', NULL),
(9, NULL, 'View accounts Table', NULL, '2014-04-08 02:24:28', NULL),
(10, NULL, 'View accounts Table', NULL, '2014-04-08 02:35:27', NULL),
(11, NULL, 'View accounts Table', NULL, '2014-04-08 02:43:03', NULL),
(12, NULL, 'Write data to accounts', 'DATA : owner_name = wewe / detail = wewe', '2014-04-08 02:45:37', NULL),
(13, NULL, 'Write data to accounts', 'DATA : owner_name = wewe / detail = wewe', '2014-04-08 02:45:48', NULL),
(14, NULL, 'View payments Table', NULL, '2014-04-08 02:48:02', NULL),
(15, NULL, 'View accounts Table', NULL, '2014-04-08 02:51:10', NULL),
(16, NULL, 'View accounts Table', NULL, '2014-04-08 02:51:13', NULL),
(17, NULL, 'View payments Table', NULL, '2014-04-08 02:51:15', NULL),
(18, NULL, 'View payouts Table', NULL, '2014-04-08 02:51:16', NULL),
(19, NULL, 'View Reports', NULL, '2014-04-08 02:51:16', NULL),
(20, NULL, 'View payouts Table', NULL, '2014-04-08 02:51:18', NULL),
(21, NULL, 'View payments Table', NULL, '2014-04-08 02:51:18', NULL),
(22, NULL, 'View accounts Table', NULL, '2014-04-08 02:51:19', NULL),
(23, NULL, 'Write data to accounts', 'DATA : owner_name = 4t543 / detail = retgert', '2014-04-08 02:51:25', NULL),
(24, NULL, 'View accounts Table', NULL, '2014-04-08 02:51:25', NULL),
(25, NULL, 'View Reports', NULL, '2014-04-08 02:53:22', NULL),
(26, NULL, 'View All User Activity', NULL, '2014-04-08 02:57:41', '::1'),
(27, NULL, 'View All User Activity', NULL, '2014-04-08 02:57:46', '::1'),
(28, NULL, 'View Reports', NULL, '2014-04-08 02:57:47', '::1'),
(29, NULL, 'View payouts Table', NULL, '2014-04-08 02:57:48', '::1'),
(30, NULL, 'View payments Table', NULL, '2014-04-08 02:57:49', '::1'),
(31, NULL, 'View accounts Table', NULL, '2014-04-08 02:57:50', '::1'),
(32, NULL, 'View accounts Table', NULL, '2014-04-08 02:57:52', '::1'),
(33, NULL, 'View All User Activity', NULL, '2014-04-08 03:09:19', '::1'),
(34, NULL, 'View Reports', NULL, '2014-04-08 03:09:21', '::1'),
(35, NULL, 'View payouts Table', NULL, '2014-04-08 03:09:23', '::1'),
(36, NULL, 'View payments Table', NULL, '2014-04-08 03:09:25', '::1'),
(37, NULL, 'View accounts Table', NULL, '2014-04-08 03:09:27', '::1'),
(38, NULL, 'View accounts Table', NULL, '2014-04-08 03:12:46', '::1'),
(39, NULL, 'View payments Table', NULL, '2014-04-08 03:12:47', '::1'),
(40, NULL, 'View payments Table', NULL, '2014-04-08 03:17:58', '::1'),
(41, NULL, 'View accounts Table', NULL, '2014-04-08 03:18:00', '::1'),
(42, NULL, 'View accounts Table', NULL, '2014-04-08 03:18:02', '::1'),
(43, NULL, 'View payments Table', NULL, '2014-04-08 03:18:06', '::1'),
(44, NULL, 'View payouts Table', NULL, '2014-04-08 03:18:06', '::1'),
(45, NULL, 'View Reports', NULL, '2014-04-08 03:18:07', '::1'),
(46, NULL, 'View All User Activity', NULL, '2014-04-08 03:18:07', '::1'),
(47, NULL, 'View accounts Table', NULL, '2014-04-08 03:18:21', '::1'),
(48, NULL, 'Edit data in accounts', 'DATA : name = owner_name = دیاکۆ ئەمیر رەحمان / detail = wewe / id = 1 ', '2014-04-08 03:18:44', '::1'),
(49, NULL, 'View accounts Table', NULL, '2014-04-08 03:19:00', '::1'),
(50, NULL, 'View accounts Table', NULL, '2014-04-08 03:19:01', '::1'),
(51, NULL, 'View accounts Table', NULL, '2014-04-08 03:19:01', '::1'),
(52, NULL, 'View buy_account''s Detail', NULL, '2014-04-08 03:19:08', '::1'),
(53, NULL, 'View buy_account''s Detail', NULL, '2014-04-08 03:19:09', '::1'),
(54, NULL, 'View buy_account''s Detail', NULL, '2014-04-08 03:19:11', '::1'),
(55, NULL, 'View accounts Table', NULL, '2014-04-08 03:35:38', '::1'),
(56, NULL, 'View payments Table', NULL, '2014-04-08 03:35:39', '::1'),
(57, NULL, 'View accounts Table', NULL, '2014-04-08 03:36:05', '::1'),
(58, NULL, 'View payments Table', NULL, '2014-04-08 03:36:06', '::1'),
(59, NULL, 'View payouts Table', NULL, '2014-04-08 03:36:07', '::1'),
(60, NULL, 'View Reports', NULL, '2014-04-08 03:36:08', '::1'),
(61, NULL, 'View All User Activity', NULL, '2014-04-08 03:36:08', '::1'),
(62, NULL, 'View accounts Table', NULL, '2014-04-08 03:36:09', '::1'),
(63, 1, 'View payments Table', NULL, '2014-04-08 03:45:26', '::1'),
(64, 1, 'View payouts Table', NULL, '2014-04-08 03:45:27', '::1'),
(65, 1, 'View payments Table', NULL, '2014-04-08 03:45:28', '::1'),
(66, 1, 'View payments Table', NULL, '2014-04-08 03:45:30', '::1'),
(67, 1, 'View payouts Table', NULL, '2014-04-08 03:45:31', '::1'),
(68, 1, 'View accounts Table', NULL, '2014-04-08 03:49:06', '::1'),
(69, 1, 'View payments Table', NULL, '2014-04-08 03:49:07', '::1'),
(70, 1, 'View payouts Table', NULL, '2014-04-08 03:49:10', '::1'),
(71, 1, 'View Reports', NULL, '2014-04-08 03:49:12', '::1'),
(72, 1, 'View Reports', NULL, '2014-04-08 03:49:14', '::1'),
(73, 1, 'View Reports', NULL, '2014-04-08 03:49:14', '::1'),
(74, 1, 'View Reports', NULL, '2014-04-08 03:49:15', '::1'),
(75, 1, 'View Reports', NULL, '2014-04-08 03:49:16', '::1'),
(76, 1, 'View Reports', NULL, '2014-04-08 03:49:16', '::1'),
(77, 1, 'View All User Activity', NULL, '2014-04-08 03:49:17', '::1'),
(78, 1, 'View accounts Table', NULL, '2014-04-08 03:49:18', '::1'),
(79, 1, 'View All User Activity', NULL, '2014-04-08 03:49:24', '::1'),
(80, 1, 'View All User Activity', NULL, '2014-04-08 03:49:33', '::1'),
(81, 1, 'View payments Table', NULL, '2014-04-08 03:50:46', '::1'),
(82, 1, 'View payouts Table', NULL, '2014-04-08 03:50:46', '::1'),
(83, 1, 'View Reports', NULL, '2014-04-08 03:50:47', '::1'),
(84, 1, 'View All User Activity', NULL, '2014-04-08 03:50:47', '::1'),
(85, 1, 'View accounts Table', NULL, '2014-04-08 03:52:14', '::1'),
(86, 1, 'View payments Table', NULL, '2014-04-08 03:52:15', '::1'),
(87, 1, 'View accounts Table', NULL, '2014-04-08 03:52:15', '::1'),
(88, 1, 'View payments Table', NULL, '2014-04-08 03:52:30', '::1'),
(89, 1, 'View payouts Table', NULL, '2014-04-08 03:52:31', '::1'),
(90, 1, 'View accounts Table', NULL, '2014-04-08 03:52:58', '::1'),
(91, 1, 'View accounts Table', NULL, '2014-04-08 03:53:31', '::1'),
(92, 1, 'View accounts Table', NULL, '2014-04-08 03:53:33', '::1'),
(93, 1, 'View accounts Table', NULL, '2014-04-08 03:54:44', '::1'),
(94, 1, 'View accounts Table', NULL, '2014-04-08 03:54:45', '::1'),
(95, 1, 'View accounts Table', NULL, '2014-04-08 04:00:37', '::1'),
(96, 1, 'View payments Table', NULL, '2014-04-08 04:00:37', '::1'),
(97, 1, 'View payouts Table', NULL, '2014-04-08 04:00:39', '::1'),
(98, 1, 'View payments Table', NULL, '2014-04-08 04:00:40', '::1'),
(99, 1, 'View accounts Table', NULL, '2014-04-08 04:00:40', '::1'),
(100, 1, 'View payments Table', NULL, '2014-04-08 04:00:42', '::1'),
(101, 1, 'View accounts Table', NULL, '2014-04-08 04:00:46', '::1'),
(102, 1, 'Edit data in accounts', 'DATA : name = owner_name = دیاکۆ ئەمیر رەحمان / detail = wewe / id = 1 ', '2014-04-08 04:00:56', '::1'),
(103, 1, 'View accounts Table', NULL, '2014-04-08 04:00:58', '::1'),
(104, 1, 'View payments Table', NULL, '2014-04-08 04:00:59', '::1'),
(105, 1, 'Write data to payments', 'DATA : id_account = 1 / amount = 3600', '2014-04-08 04:01:04', '::1'),
(106, 1, 'View payments Table', NULL, '2014-04-08 04:01:08', '::1'),
(107, 1, 'View payments Table', NULL, '2014-04-08 04:01:09', '::1'),
(108, 1, 'View accounts Table', NULL, '2014-04-08 04:01:10', '::1'),
(109, 1, 'View payments Table', NULL, '2014-04-08 04:01:12', '::1'),
(110, 1, 'View accounts Table', NULL, '2014-04-08 04:01:14', '::1'),
(111, 1, 'View payments Table', NULL, '2014-04-08 04:01:15', '::1'),
(112, 1, 'View payouts Table', NULL, '2014-04-08 04:01:15', '::1'),
(113, 1, 'View Reports', NULL, '2014-04-08 04:01:16', '::1'),
(114, 1, 'View All User Activity', NULL, '2014-04-08 04:01:17', '::1'),
(115, 1, 'View Reports', NULL, '2014-04-08 04:01:17', '::1'),
(116, 1, 'View Reports', NULL, '2014-04-08 04:01:19', '::1'),
(117, 1, 'View Reports', NULL, '2014-04-08 04:01:20', '::1'),
(118, 1, 'View Reports', NULL, '2014-04-08 04:01:23', '::1'),
(119, 1, 'View Reports', NULL, '2014-04-08 04:01:24', '::1'),
(120, 1, 'View Reports', NULL, '2014-04-08 04:01:24', '::1'),
(121, 1, 'View Reports', NULL, '2014-04-08 04:01:25', '::1'),
(122, 1, 'View All User Activity', NULL, '2014-04-08 04:01:26', '::1'),
(123, 1, 'View Reports', NULL, '2014-04-08 04:01:27', '::1'),
(124, 1, 'View payouts Table', NULL, '2014-04-08 04:01:28', '::1'),
(125, 1, 'View payments Table', NULL, '2014-04-08 04:01:29', '::1'),
(126, 1, 'View accounts Table', NULL, '2014-04-08 04:01:29', '::1'),
(127, 1, 'View accounts Table', NULL, '2014-04-08 04:01:31', '::1'),
(128, 1, 'View accounts Table', NULL, '2014-04-08 04:03:05', '::1'),
(129, 1, 'View accounts Table', NULL, '2014-04-08 04:03:10', '::1'),
(130, 1, 'View payments Table', NULL, '2014-04-08 04:03:17', '::1'),
(131, 1, 'View accounts Table', NULL, '2014-04-08 04:03:18', '::1'),
(132, 1, 'View accounts Table', NULL, '2014-04-08 04:03:36', '::1'),
(133, 1, 'View accounts Table', NULL, '2014-04-08 04:03:45', '::1'),
(134, 1, 'View accounts Table', NULL, '2014-04-08 04:08:21', '::1'),
(135, 1, 'View fund Table', NULL, '2014-04-08 04:22:53', '::1'),
(136, 1, 'View fund Table', NULL, '2014-04-08 04:22:55', '::1'),
(137, 1, 'View fund Table', NULL, '2014-04-08 04:22:56', '::1'),
(138, 1, 'View fund Table', NULL, '2014-04-08 04:24:52', '::1'),
(139, 1, 'View fund Table', NULL, '2014-04-08 04:25:25', '::1'),
(140, 1, 'View fund Table', NULL, '2014-04-08 04:25:26', '::1'),
(141, 1, 'View fund Table', NULL, '2014-04-08 04:25:27', '::1'),
(142, 1, 'View fund Table', NULL, '2014-04-08 04:25:45', '::1'),
(143, 1, 'View fund Table', NULL, '2014-04-08 04:25:46', '::1'),
(144, 1, 'View fund Table', NULL, '2014-04-08 04:25:47', '::1'),
(145, 1, 'View accounts Table', NULL, '2014-04-08 04:30:20', '::1'),
(146, 1, 'View fund Table', NULL, '2014-04-08 04:30:52', '::1'),
(147, 1, 'View fund Table', NULL, '2014-04-08 04:31:09', '::1'),
(148, 1, 'View fund Table', NULL, '2014-04-08 04:31:36', '::1'),
(149, 1, 'View fund Table', NULL, '2014-04-08 04:33:58', '::1'),
(150, 1, 'View fund Table', NULL, '2014-04-08 04:34:01', '::1'),
(151, 1, 'View fund Table', NULL, '2014-04-08 04:34:02', '::1'),
(152, 1, 'View fund Table', NULL, '2014-04-08 04:35:06', '::1'),
(153, 1, 'View fund Table', NULL, '2014-04-08 04:35:08', '::1'),
(154, 1, 'View accounts Table', NULL, '2014-04-08 04:35:09', '::1'),
(155, 1, 'View accounts Table', NULL, '2014-04-08 04:35:12', '::1'),
(156, 1, 'View fund Table', NULL, '2014-04-08 04:38:45', '::1'),
(157, 1, 'View expense Table', NULL, '2014-04-08 04:40:03', '::1'),
(158, 1, 'View expense Table', NULL, '2014-04-08 04:40:03', '::1'),
(159, 1, 'View expense Table', NULL, '2014-04-08 04:43:41', '::1'),
(160, 1, 'View expense Table', NULL, '2014-04-08 04:47:02', '::1'),
(161, 1, 'View expense Table', NULL, '2014-04-08 04:49:16', '::1'),
(162, 1, 'Write data to expense', 'DATA : owner_name =  / detail = fff', '2014-04-08 04:50:17', '::1'),
(163, 1, 'View expense Table', NULL, '2014-04-08 04:50:25', '::1'),
(164, 1, 'View expense Table', NULL, '2014-04-08 04:51:20', '::1'),
(165, 1, 'View expense Table', NULL, '2014-04-08 04:51:31', '::1'),
(166, 1, 'View expense Table', NULL, '2014-04-08 04:51:57', '::1'),
(167, 1, 'View expense Table', NULL, '2014-04-08 04:51:58', '::1'),
(168, 1, 'Write data to expense', 'DATA : owner_name =  / detail = 3242', '2014-04-08 04:52:31', '::1'),
(169, 1, 'View fund Table', NULL, '2014-04-08 04:52:33', '::1'),
(170, 1, 'View expense Table', NULL, '2014-04-08 04:52:34', '::1'),
(171, 1, 'View expense Table', NULL, '2014-04-08 04:52:51', '::1'),
(172, 1, 'Write data to expense', 'DATA : owner_name =  / detail = 34535', '2014-04-08 04:52:58', '::1'),
(173, 1, 'View expense Table', NULL, '2014-04-08 04:53:01', '::1'),
(174, 1, 'Write data to expense', 'DATA : owner_name =  / detail = 213', '2014-04-08 04:53:42', '::1'),
(175, 1, 'View expense Table', NULL, '2014-04-08 04:53:47', '::1'),
(176, 1, 'View expense Table', NULL, '2014-04-08 04:54:24', '::1'),
(177, 1, 'Write data to expense', 'DATA : owner_name =  / detail = 312313', '2014-04-08 04:54:29', '::1'),
(178, 1, 'Write data to expense', 'DATA : a_dollar = 32423 / detail = 32432', '2014-04-08 04:55:12', '::1'),
(179, 1, 'View expense Table', NULL, '2014-04-08 04:56:02', '::1'),
(180, 1, 'View expense Table', NULL, '2014-04-08 04:56:03', '::1'),
(181, 1, 'Write data to expense', 'DATA : a_dollar = 32423 / detail = 32432', '2014-04-08 04:56:26', '::1'),
(182, 1, 'Write data to expense', 'DATA : a_dollar = 32423 / detail = 32432', '2014-04-08 05:02:19', '::1'),
(183, 1, 'View fund Table', NULL, '2014-04-08 05:03:00', '::1'),
(184, 1, 'Write data to expense', 'DATA : a_dollar = 32423 / detail = 32432', '2014-04-08 05:03:01', '::1'),
(185, 1, 'View expense Table', NULL, '2014-04-08 05:03:01', '::1'),
(186, 1, 'Write data to expense', 'DATA : a_dollar = 32423 / detail = 32432', '2014-04-08 05:03:07', '::1'),
(187, 1, 'Write data to expense', 'DATA : a_dollar = 77 / detail = 77', '2014-04-08 05:03:07', '::1'),
(188, 1, 'Write data to expense', 'DATA : a_dollar = 32423 / detail = 32432', '2014-04-08 05:03:07', '::1'),
(189, 1, 'View expense Table', NULL, '2014-04-08 05:03:07', '::1'),
(190, 1, 'Write data to expense', 'DATA : a_dollar = 32423 / detail = 32432', '2014-04-08 05:03:10', '::1'),
(191, 1, 'View expense Table', NULL, '2014-04-08 05:03:10', '::1'),
(192, 1, 'Write data to expense', 'DATA : a_dollar = 32423 / detail = 32432', '2014-04-08 05:08:06', '::1'),
(193, 1, 'View expense Table', NULL, '2014-04-08 05:08:06', '::1'),
(194, 1, 'Write data to expense', 'DATA : a_dollar = 32423 / detail = 32432', '2014-04-08 05:08:07', '::1'),
(195, 1, 'View expense Table', NULL, '2014-04-08 05:08:07', '::1'),
(196, 1, 'Write data to expense', 'DATA : a_dollar = 32423 / detail = 32432', '2014-04-08 05:08:10', '::1'),
(197, 1, 'View expense Table', NULL, '2014-04-08 05:08:10', '::1'),
(198, 1, 'Write data to expense', 'DATA : a_dollar = 32423 / detail = 32432', '2014-04-08 05:08:10', '::1'),
(199, 1, 'View expense Table', NULL, '2014-04-08 05:08:11', '::1'),
(200, 1, 'Write data to expense', 'DATA : a_dollar = 32423 / detail = 32432', '2014-04-08 05:08:13', '::1'),
(201, 1, 'View expense Table', NULL, '2014-04-08 05:08:13', '::1'),
(202, 1, 'Write data to expense', 'DATA : a_dollar = 32423 / detail = 32432', '2014-04-08 05:08:23', '::1'),
(203, 1, 'Write data to expense', 'DATA : a_dollar = 3432 / detail = ', '2014-04-08 05:08:23', '::1'),
(204, 1, 'Write data to expense', 'DATA : a_dollar = 32423 / detail = 32432', '2014-04-08 05:08:23', '::1'),
(205, 1, 'View expense Table', NULL, '2014-04-08 05:08:23', '::1'),
(206, 1, 'Write data to expense', 'DATA : a_dollar = 32423 / detail = 32432', '2014-04-08 05:08:28', '::1'),
(207, 1, 'View expense Table', NULL, '2014-04-08 05:08:28', '::1'),
(208, 1, 'Write data to expense', 'DATA : a_dollar = 32423 / detail = 32432', '2014-04-08 05:08:32', '::1'),
(209, 1, 'View expense Table', NULL, '2014-04-08 05:08:32', '::1'),
(210, 1, 'Write data to expense', 'DATA : a_dollar = 32423 / detail = 32432', '2014-04-08 05:08:33', '::1'),
(211, 1, 'View expense Table', NULL, '2014-04-08 05:08:33', '::1'),
(212, 1, 'Write data to expense', 'DATA : a_dollar = 32423 / detail = 32432', '2014-04-08 05:08:33', '::1'),
(213, 1, 'View expense Table', NULL, '2014-04-08 05:08:33', '::1'),
(214, 1, 'View expense Table', NULL, '2014-04-08 05:08:50', '::1'),
(215, 1, 'View fund Table', NULL, '2014-04-08 05:08:51', '::1'),
(216, 1, 'View expense Table', NULL, '2014-04-08 05:08:52', '::1'),
(217, 1, 'Write data to expense', 'DATA : a_dollar = 312321 / detail = 31231231', '2014-04-08 05:08:58', '::1'),
(218, 1, 'View expense Table', NULL, '2014-04-08 05:08:58', '::1'),
(219, 1, 'View expense Table', NULL, '2014-04-08 05:09:00', '::1'),
(220, 1, 'View expense Table', NULL, '2014-04-08 05:09:38', '::1'),
(221, 1, 'View expense Table', NULL, '2014-04-08 05:20:37', '::1'),
(222, 1, 'View accounts Table', NULL, '2014-04-08 05:20:38', '::1'),
(223, 1, 'View expense Table', NULL, '2014-04-08 05:20:38', '::1'),
(224, 1, 'View accounts Table', NULL, '2014-04-08 05:20:39', '::1'),
(225, 1, 'View expense Table', NULL, '2014-04-08 05:20:39', '::1'),
(226, 1, 'View expense Table', NULL, '2014-04-08 05:20:42', '::1'),
(227, 1, 'View expense Table', NULL, '2014-04-08 05:23:06', '::1'),
(228, 1, 'View expense Table', NULL, '2014-04-08 05:26:27', '::1'),
(229, 1, 'View fund Table', NULL, '2014-04-08 05:27:15', '::1'),
(230, 1, 'View fund Table', NULL, '2014-04-08 05:34:51', '::1'),
(231, 1, 'Write data to fund', 'DATA : owner_name =  / detail = ewqeew', '2014-04-08 05:38:56', '::1'),
(232, 1, 'Write data to fund', 'DATA : owner_name = 600 / detail = ewqeew', '2014-04-08 05:39:16', '::1'),
(233, 1, 'View fund Table', NULL, '2014-04-08 05:39:26', '::1'),
(234, 1, 'Write data to fund', 'DATA : owner_name = 6455 / detail = 65655', '2014-04-08 05:39:38', '::1'),
(235, 1, 'View fund Table', NULL, '2014-04-08 05:39:38', '::1'),
(236, 1, 'Write data to fund', 'DATA : owner_name = 1000 / detail = ', '2014-04-08 05:45:08', '::1'),
(237, 1, 'View fund Table', NULL, '2014-04-08 05:45:08', '::1'),
(238, 1, 'View fund Table', NULL, '2014-04-08 05:45:14', '::1'),
(239, 1, 'View fund Table', NULL, '2014-04-08 05:46:15', '::1'),
(240, 1, 'Write data to fund', 'DATA : owner_name =  / detail = ', '2014-04-08 05:46:19', '::1'),
(241, 1, 'View fund Table', NULL, '2014-04-08 05:46:19', '::1'),
(242, 1, 'View fund Table', NULL, '2014-04-08 05:46:22', '::1'),
(243, 1, 'View fund Table', NULL, '2014-04-08 05:46:23', '::1'),
(244, 1, 'Write data to fund', 'DATA : owner_name = 600 / detail = ewqeew', '2014-04-08 05:47:00', '::1'),
(245, 1, 'Write data to fund', 'DATA : owner_name = 600 / detail = ewqeew', '2014-04-08 05:47:41', '::1'),
(246, 1, 'View fund Table', NULL, '2014-04-08 05:47:41', '::1'),
(247, 1, 'View fund Table', NULL, '2014-04-08 05:47:51', '::1'),
(248, 1, 'View fund Table', NULL, '2014-04-08 05:48:11', '::1'),
(249, 1, 'Write data to fund', 'DATA : owner_name =  / detail = ', '2014-04-08 05:48:19', '::1'),
(250, 1, 'View fund Table', NULL, '2014-04-08 05:48:19', '::1'),
(251, 1, 'Write data to fund', 'DATA : owner_name =  / detail = dsgfsdgfds', '2014-04-08 05:48:25', '::1'),
(252, 1, 'View fund Table', NULL, '2014-04-08 05:48:25', '::1'),
(253, 1, 'View expense Table', NULL, '2014-04-08 05:48:36', '::1'),
(254, 1, 'View fund Table', NULL, '2014-04-08 05:49:39', '::1'),
(255, 1, 'View fund Table', NULL, '2014-04-08 05:53:14', '::1'),
(256, 1, 'View expense Table', NULL, '2014-04-08 05:53:45', '::1'),
(257, 1, 'View expense Table', NULL, '2014-04-08 05:54:00', '::1'),
(258, 1, 'View fund Table', NULL, '2014-04-08 05:54:02', '::1'),
(259, 1, 'View expense Table', NULL, '2014-04-08 05:54:26', '::1'),
(260, 1, 'Write data to fund', 'DATA : owner_name = 600 / detail = test', '2014-04-08 05:56:25', '::1'),
(261, 1, 'Write data to expense', 'DATA : a_dollar = 600 / detail = 0', '2014-04-08 05:56:25', '::1'),
(262, 1, 'View expense Table', NULL, '2014-04-08 05:56:25', '::1'),
(263, 1, 'Write data to fund', 'DATA : owner_name = 600 / detail = test', '2014-04-08 05:56:53', '::1'),
(264, 1, 'Write data to expense', 'DATA : a_dollar = 600 / detail = 0', '2014-04-08 05:56:53', '::1'),
(265, 1, 'View expense Table', NULL, '2014-04-08 05:56:53', '::1'),
(266, 1, 'View expense Table', NULL, '2014-04-08 05:57:02', '::1'),
(267, 1, 'View expense Table', NULL, '2014-04-08 05:57:06', '::1'),
(268, 1, 'View expense Table', NULL, '2014-04-08 05:57:16', '::1'),
(269, 1, 'View expense Table', NULL, '2014-04-08 05:57:17', '::1'),
(270, 1, 'View fund Table', NULL, '2014-04-08 05:57:21', '::1'),
(271, 1, 'View expense Table', NULL, '2014-04-08 05:57:39', '::1'),
(272, 1, 'View fund Table', NULL, '2014-04-08 05:57:41', '::1'),
(273, 1, 'View fund Table', NULL, '2014-04-08 05:57:42', '::1'),
(274, 1, 'View fund Table', NULL, '2014-04-08 05:57:43', '::1'),
(275, 1, 'Write data to fund', 'DATA : owner_name = -6000 / detail = test', '2014-04-08 05:57:55', '::1'),
(276, 1, 'Write data to expense', 'DATA : a_dollar = 6000 / detail = 0', '2014-04-08 05:57:55', '::1'),
(277, 1, 'View expense Table', NULL, '2014-04-08 05:57:55', '::1'),
(278, 1, 'View fund Table', NULL, '2014-04-08 05:57:58', '::1'),
(279, 1, 'View fund Table', NULL, '2014-04-08 05:58:03', '::1'),
(280, 1, 'Write data to fund', 'DATA : owner_name = -6000 / detail = test', '2014-04-08 05:58:26', '::1'),
(281, 1, 'Write data to expense', 'DATA : a_dollar = 6000 / detail = 0', '2014-04-08 05:58:26', '::1'),
(282, 1, 'View expense Table', NULL, '2014-04-08 05:58:26', '::1'),
(283, 1, 'Write data to fund', 'DATA : owner_name = -6000 / detail = تست', '2014-04-08 05:58:58', '::1'),
(284, 1, 'Write data to expense', 'DATA : a_dollar = 6000 / detail = ', '2014-04-08 05:58:58', '::1'),
(285, 1, 'Write data to fund', 'DATA : owner_name = -6000 / detail = تست', '2014-04-08 05:59:03', '::1'),
(286, 1, 'Write data to expense', 'DATA : a_dollar = 6000 / detail = ', '2014-04-08 05:59:03', '::1'),
(287, 1, 'View expense Table', NULL, '2014-04-08 05:59:20', '::1'),
(288, 1, 'View expense Table', NULL, '2014-04-08 05:59:22', '::1'),
(289, 1, 'View expense Table', NULL, '2014-04-08 05:59:23', '::1'),
(290, 1, 'Write data to fund', 'DATA : owner_name = -1 / detail = 1', '2014-04-08 05:59:30', '::1'),
(291, 1, 'Write data to expense', 'DATA : a_dollar = 1 / detail = 1', '2014-04-08 05:59:30', '::1'),
(292, 1, 'View expense Table', NULL, '2014-04-08 05:59:42', '::1'),
(293, 1, 'View expense Table', NULL, '2014-04-08 05:59:54', '::1'),
(294, 1, 'View expense Table', NULL, '2014-04-08 05:59:55', '::1'),
(295, 1, 'View expense Table', NULL, '2014-04-08 05:59:55', '::1'),
(296, 1, 'View expense Table', NULL, '2014-04-08 05:59:56', '::1'),
(297, 1, 'Write data to fund', 'DATA : owner_name = -6000 / detail = test', '2014-04-08 06:00:35', '::1'),
(298, 1, 'Write data to expense', 'DATA : a_dollar = 6000 / detail = 0', '2014-04-08 06:00:35', '::1'),
(299, 1, 'Write data to fund', 'DATA : owner_name = -6000 / detail = test', '2014-04-08 06:00:49', '::1'),
(300, 1, 'Write data to expense', 'DATA : a_dollar = 6000 / detail = 0', '2014-04-08 06:00:49', '::1'),
(301, 1, 'Write data to fund', 'DATA : owner_name = -6000 / detail = test', '2014-04-08 06:01:31', '::1'),
(302, 1, 'Write data to expense', 'DATA : a_dollar = 6000 / detail = 0', '2014-04-08 06:01:31', '::1'),
(303, 1, 'View expense Table', NULL, '2014-04-08 06:01:39', '::1'),
(304, 1, 'View expense Table', NULL, '2014-04-08 06:01:43', '::1'),
(305, 1, 'Write data to fund', 'DATA : owner_name = -2 / detail = 2', '2014-04-08 06:01:49', '::1'),
(306, 1, 'Write data to expense', 'DATA : a_dollar = 2 / detail = 2', '2014-04-08 06:01:49', '::1'),
(307, 1, 'View expense Table', NULL, '2014-04-08 06:01:49', '::1'),
(308, 1, 'View fund Table', NULL, '2014-04-08 06:01:53', '::1'),
(309, 1, 'View payouts Table', NULL, '2014-04-08 06:02:25', '::1'),
(310, 1, 'View fund Table', NULL, '2014-04-08 06:02:26', '::1'),
(311, 1, 'View expense Table', NULL, '2014-04-08 06:02:27', '::1'),
(312, 1, 'View fund Table', NULL, '2014-04-08 06:02:28', '::1'),
(313, 1, 'View expense Table', NULL, '2014-04-08 06:06:16', '::1'),
(314, 1, 'View expense Table', NULL, '2014-04-08 06:06:19', '::1'),
(315, 1, 'Write data to fund', 'DATA : owner_name = -6000 / detail = test', '2014-04-08 06:07:00', '::1'),
(316, 1, 'Write data to expense', 'DATA : a_dollar = 6000 / detail = 0', '2014-04-08 06:07:00', '::1'),
(317, 1, 'Write data to fund', 'DATA : owner_name = -6000 / detail = test', '2014-04-08 06:08:12', '::1'),
(318, 1, 'Write data to expense', 'DATA : a_dollar = 6000 / detail = 0', '2014-04-08 06:08:12', '::1'),
(319, 1, 'View accounts Table', NULL, '2014-04-08 06:08:24', '::1'),
(320, 1, 'View expense Table', NULL, '2014-04-08 06:08:24', '::1'),
(321, 1, 'View fund Table', NULL, '2014-04-08 06:08:25', '::1'),
(322, 1, 'View fund Table', NULL, '2014-04-08 06:10:13', '::1'),
(323, 1, 'View fund Table', NULL, '2014-04-08 06:10:16', '::1'),
(324, 1, 'View fund Table', NULL, '2014-04-08 06:10:18', '::1'),
(325, 1, 'View fund Table', NULL, '2014-04-08 06:12:38', '::1'),
(326, 1, 'Edit data in expense', 'DATA : name = owner_name = 6000 / detail = 0 / id = 23 ', '2014-04-08 06:13:50', '::1'),
(327, 1, 'View fund Table', NULL, '2014-04-08 06:13:58', '::1'),
(328, 1, 'View fund Table', NULL, '2014-04-08 06:14:00', '::1'),
(329, 1, 'View fund Table', NULL, '2014-04-08 06:14:07', '::1'),
(330, 1, 'Edit data in expense', 'DATA : name = owner_name = 1000 / detail = 0 / id = 23 ', '2014-04-08 06:14:10', '::1'),
(331, 1, 'View fund Table', NULL, '2014-04-08 06:14:13', '::1'),
(332, 1, 'View fund Table', NULL, '2014-04-08 06:14:13', '::1'),
(333, 1, 'View fund Table', NULL, '2014-04-08 06:18:41', '::1'),
(334, 1, 'Edit data in fund', 'DATA : name = owner_name = expense2 / detail = test / id = 23 ', '2014-04-08 06:18:47', '::1'),
(335, 1, 'View fund Table', NULL, '2014-04-08 06:18:49', '::1'),
(336, 1, 'View fund Table', NULL, '2014-04-08 06:18:50', '::1'),
(337, 1, 'Edit data in fund', 'DATA : name = owner_name = expense2 / detail = test / id = 22 ', '2014-04-08 06:19:20', '::1'),
(338, 1, 'View fund Table', NULL, '2014-04-08 06:19:21', '::1'),
(339, 1, 'View fund Table', NULL, '2014-04-08 06:20:09', '::1'),
(340, 1, 'View fund Table', NULL, '2014-04-08 06:20:58', '::1'),
(341, 1, 'Edit data in fund', 'DATA : name = owner_name = expense2 / detail = 2 / id = 21 ', '2014-04-08 06:21:10', '::1'),
(342, 1, 'View fund Table', NULL, '2014-04-08 06:21:11', '::1'),
(343, 1, 'View fund Table', NULL, '2014-04-08 06:21:54', '::1'),
(344, 1, 'Edit data in fund', 'DATA : name = owner_name = expense23 / detail = 2 / id = 21 ', '2014-04-08 06:21:58', '::1'),
(345, 1, 'View fund Table', NULL, '2014-04-08 06:22:28', '::1'),
(346, 1, 'View fund Table', NULL, '2014-04-08 06:22:54', '::1'),
(347, 1, 'View fund Table', NULL, '2014-04-08 06:25:09', '::1'),
(348, 1, 'View fund Table', NULL, '2014-04-08 06:25:09', '::1'),
(349, 1, 'View fund Table', NULL, '2014-04-08 06:25:35', '::1'),
(350, 1, 'View fund Table', NULL, '2014-04-08 06:25:40', '::1'),
(351, 1, 'Edit data in fund', 'DATA : name = owner_name = wewe / detail =  / id = 23 ', '2014-04-08 06:25:45', '::1'),
(352, 1, 'View fund Table', NULL, '2014-04-08 06:25:47', '::1'),
(353, 1, 'View fund Table', NULL, '2014-04-08 06:25:48', '::1'),
(354, 1, 'View fund Table', NULL, '2014-04-08 06:26:20', '::1'),
(355, 1, 'Edit data in fund', 'DATA : name = owner_name =  / detail =  / id = 23 ', '2014-04-08 06:26:31', '::1'),
(356, 1, 'Edit data in fund', 'DATA : name = owner_name =  / detail =  / id = 23 ', '2014-04-08 06:26:33', '::1'),
(357, 1, 'View fund Table', NULL, '2014-04-08 06:27:33', '::1'),
(358, 1, 'Edit data in fund', 'DATA : name = owner_name =  / detail =  / id = 23 ', '2014-04-08 06:27:39', '::1'),
(359, 1, 'Edit data in fund', 'DATA : name = owner_name =  / detail = test / id = 20 ', '2014-04-08 06:27:46', '::1'),
(360, 1, 'View fund Table', NULL, '2014-04-08 06:28:21', '::1'),
(361, 1, 'Edit data in fund', 'DATA : name = owner_name =  / detail = sfdesd / id = 23 ', '2014-04-08 06:28:23', '::1'),
(362, 1, 'Edit data in expense', 'DATA : name = owner_name = 1000 / detail = 0 / id = 23 ', '2014-04-08 06:28:28', '::1'),
(363, 1, 'Edit data in fund', 'DATA : name = owner_name = expense / detail = ewqeew / id = 23 ', '2014-04-08 06:29:10', '::1'),
(364, 1, 'Edit data in fund', 'DATA : name = owner_name = expense / detail = ewqeew / id = 23 ', '2014-04-08 06:29:21', '::1'),
(365, 1, 'View fund Table', NULL, '2014-04-08 06:29:30', '::1'),
(366, 1, 'View fund Table', NULL, '2014-04-08 06:29:31', '::1'),
(367, 1, 'Edit data in fund', 'DATA : name = owner_name =  / detail = ewqeewdsfsd / id = 23 ', '2014-04-08 06:29:39', '::1'),
(368, 1, 'Edit data in fund', 'DATA : name = owner_name = 600.00 / detail = ewqeewdfsd / id = 23 ', '2014-04-08 06:30:16', '::1'),
(369, 1, 'Edit data in fund', 'DATA : name = owner_name = -6000.00 / detail = dfssdf / id = 22 ', '2014-04-08 06:30:23', '::1'),
(370, 1, 'Edit data in fund', 'DATA : name = owner_name = -6000.00 / detail = dfssdf / id = 22 ', '2014-04-08 06:30:29', '::1'),
(371, 1, 'View fund Table', NULL, '2014-04-08 06:30:31', '::1'),
(372, 1, 'View fund Table', NULL, '2014-04-08 06:30:32', '::1'),
(373, 1, 'View fund Table', NULL, '2014-04-08 06:34:53', '::1'),
(374, 1, 'Edit data in fund', 'DATA : name = owner_name = 6000 / detail = ewqeew / id = 23 ', '2014-04-08 06:41:28', '::1'),
(375, 1, 'Edit data in fund', 'DATA : name = owner_name = 6000 / detail = ewqeew / id = 23 ', '2014-04-08 06:41:34', '::1'),
(376, 1, 'Edit data in fund', 'DATA : name = owner_name = 6000 / detail = ewqeew / id = 23 ', '2014-04-08 06:41:39', '::1'),
(377, 1, 'View fund Table', NULL, '2014-04-08 06:41:49', '::1'),
(378, 1, 'Edit data in fund', 'DATA : name = owner_name = -6000.00 / detail = dfssdf / id = 22 ', '2014-04-08 06:41:56', '::1'),
(379, 1, 'View fund Table', NULL, '2014-04-08 06:41:59', '::1'),
(380, 1, 'Edit data in fund', 'DATA : name = owner_name = -6000.00 / detail = test / id = 14 ', '2014-04-08 06:42:12', '::1'),
(381, 1, 'View fund Table', NULL, '2014-04-08 06:42:14', '::1'),
(382, 1, 'Edit data in fund', 'DATA : name = owner_name = -6000.00 / detail = test / id = 14 ', '2014-04-08 06:42:35', '::1'),
(383, 1, 'View fund Table', NULL, '2014-04-08 06:42:58', '::1'),
(384, 1, 'View fund Table', NULL, '2014-04-08 06:44:03', '::1'),
(385, 1, 'View fund Table', NULL, '2014-04-08 06:44:08', '::1'),
(386, 1, 'View fund Table', NULL, '2014-04-08 06:44:13', '::1'),
(387, 1, 'Edit data in expense', 'DATA : name = owner_name = 1000 / detail = 0 / id = 23 ', '2014-04-08 06:44:14', '::1'),
(388, 1, 'View expense Table', NULL, '2014-04-08 06:44:14', '::1'),
(389, 1, 'Edit data in expense', 'DATA : name = owner_name = 1000 / detail = 0 / id = 23 ', '2014-04-08 06:44:17', '::1'),
(390, 1, 'View expense Table', NULL, '2014-04-08 06:44:17', '::1'),
(391, 1, 'View expense Table', NULL, '2014-04-08 06:44:29', '::1'),
(392, 1, 'Edit data in expense', 'DATA : name = owner_name = 6004 / detail = 0 / id = 46 ', '2014-04-08 06:44:35', '::1'),
(393, 1, 'View expense Table', NULL, '2014-04-08 06:44:37', '::1'),
(394, 1, 'View expense Table', NULL, '2014-04-08 06:45:06', '::1'),
(395, 1, 'Edit data in expense', 'DATA : name = owner_name = 520 / detail = 0 / id = 45 ', '2014-04-08 06:45:13', '::1'),
(396, 1, 'View expense Table', NULL, '2014-04-08 06:45:15', '::1'),
(397, 1, 'Edit data in expense', 'DATA : name = owner_name = 520 / detail = 0 / id = 45 ', '2014-04-08 06:45:30', '::1'),
(398, 1, 'View expense Table', NULL, '2014-04-08 06:45:32', '::1'),
(399, 1, 'Write data to fund', 'DATA : owner_name = -650 / detail = diako', '2014-04-08 06:50:30', '::1'),
(400, 1, 'Write data to expense', 'DATA : a_dollar = 650 / detail = ', '2014-04-08 06:50:30', '::1'),
(401, 1, 'View expense Table', NULL, '2014-04-08 06:50:30', '::1'),
(402, 1, 'View expense Table', NULL, '2014-04-08 06:50:48', '::1'),
(403, 1, 'Edit data in fund', 'DATA : name = owner_name = -1000 / detail = test / id =  ', '2014-04-08 06:51:40', '::1'),
(404, 1, 'Edit data in expense', 'DATA : name = owner_name = 1000 / detail = 0 / id = 23 ', '2014-04-08 06:51:40', '::1'),
(405, 1, 'Edit data in fund', 'DATA : name = owner_name = -1000 / detail = test / id =  ', '2014-04-08 06:51:54', '::1'),
(406, 1, 'Edit data in expense', 'DATA : name = owner_name = 1000 / detail = 0 / id = 23 ', '2014-04-08 06:51:54', '::1'),
(407, 1, 'View expense Table', NULL, '2014-04-08 06:52:03', '::1'),
(408, 1, 'Edit data in fund', 'DATA : name = owner_name = -650 / detail = diako22 / id =  ', '2014-04-08 06:52:07', '::1'),
(409, 1, 'Edit data in expense', 'DATA : name = owner_name = 650 / detail =  / id = 47 ', '2014-04-08 06:52:07', '::1'),
(410, 1, 'View fund Table', NULL, '2014-04-08 06:52:10', '::1'),
(411, 1, 'View expense Table', NULL, '2014-04-08 06:52:17', '::1'),
(412, 1, 'Edit data in fund', 'DATA : name = owner_name = -750 / detail = diako22 / id =  ', '2014-04-08 06:52:27', '::1'),
(413, 1, 'Edit data in expense', 'DATA : name = owner_name = 750 / detail =  / id = 47 ', '2014-04-08 06:52:27', '::1'),
(414, 1, 'View fund Table', NULL, '2014-04-08 06:52:28', '::1'),
(415, 1, 'View expense Table', NULL, '2014-04-08 06:52:30', '::1'),
(416, 1, 'View fund Table', NULL, '2014-04-08 06:52:31', '::1'),
(417, 1, 'View expense Table', NULL, '2014-04-08 06:52:58', '::1'),
(418, 1, 'Edit data in fund', 'DATA : name = owner_name = -300 / detail = diako22 / id =  ', '2014-04-08 06:53:03', '::1'),
(419, 1, 'Edit data in expense', 'DATA : name = owner_name = 300 / detail =  / id = 47 ', '2014-04-08 06:53:03', '::1'),
(420, 1, 'View fund Table', NULL, '2014-04-08 06:53:05', '::1'),
(421, 1, 'View expense Table', NULL, '2014-04-08 06:53:40', '::1'),
(422, 1, 'Edit data in fund', 'DATA : name = owner_name = -300 / detail = diako / id =  ', '2014-04-08 06:54:03', '::1'),
(423, 1, 'Edit data in expense', 'DATA : name = owner_name = 300 / detail = 0 / id = 47 ', '2014-04-08 06:54:03', '::1'),
(424, 1, 'Edit data in fund', 'DATA : name = owner_name = -300 / detail = diako / id =  ', '2014-04-08 06:54:04', '::1'),
(425, 1, 'Edit data in expense', 'DATA : name = owner_name = 300 / detail = 0 / id = 47 ', '2014-04-08 06:54:04', '::1'),
(426, 1, 'Edit data in fund', 'DATA : name = owner_name = -300 / detail = diako / id =  ', '2014-04-08 06:54:26', '::1'),
(427, 1, 'Edit data in expense', 'DATA : name = owner_name = 300 / detail = 0 / id = 47 ', '2014-04-08 06:54:26', '::1'),
(428, 1, 'Edit data in fund', 'DATA : name = owner_name = -300 / detail = diako / id =  ', '2014-04-08 06:55:04', '::1'),
(429, 1, 'Edit data in expense', 'DATA : name = owner_name = 300 / detail = 0 / id = 47 ', '2014-04-08 06:55:04', '::1'),
(430, 1, 'Edit data in fund', 'DATA : name = owner_name = -300 / detail = diako / id = 24 ', '2014-04-08 06:56:07', '::1'),
(431, 1, 'Edit data in expense', 'DATA : name = owner_name = 300 / detail = 0 / id = 47 ', '2014-04-08 06:56:07', '::1'),
(432, 1, 'View expense Table', NULL, '2014-04-08 06:56:45', '::1'),
(433, 1, 'View fund Table', NULL, '2014-04-08 06:56:46', '::1'),
(434, 1, 'View accounts Table', NULL, '2014-04-08 06:56:48', '::1'),
(435, 1, 'View expense Table', NULL, '2014-04-08 06:56:50', '::1'),
(436, 1, 'Edit data in fund', 'DATA : name = owner_name = -300 / detail = diako33 / id = 24 ', '2014-04-08 06:56:54', '::1'),
(437, 1, 'Edit data in expense', 'DATA : name = owner_name = 300 / detail = 0 / id = 47 ', '2014-04-08 06:56:54', '::1'),
(438, 1, 'View fund Table', NULL, '2014-04-08 06:56:55', '::1'),
(439, 1, 'View expense Table', NULL, '2014-04-08 06:56:59', '::1'),
(440, 1, 'Edit data in fund', 'DATA : name = owner_name = -400 / detail = diako33 / id = 24 ', '2014-04-08 06:57:04', '::1'),
(441, 1, 'Edit data in expense', 'DATA : name = owner_name = 400 / detail = 0 / id = 47 ', '2014-04-08 06:57:04', '::1'),
(442, 1, 'View fund Table', NULL, '2014-04-08 06:57:06', '::1'),
(443, 1, 'View expense Table', NULL, '2014-04-08 06:57:17', '::1'),
(444, 1, 'View fund Table', NULL, '2014-04-08 06:57:18', '::1'),
(445, 1, 'View expense Table', NULL, '2014-04-08 06:57:28', '::1'),
(446, 1, 'Write data to fund', 'DATA : owner_name = -3000 / detail = test', '2014-04-08 06:57:38', '::1'),
(447, 1, 'Write data to expense', 'DATA : a_dollar = 3000 / detail = ', '2014-04-08 06:57:38', '::1'),
(448, 1, 'View expense Table', NULL, '2014-04-08 06:57:38', '::1'),
(449, 1, 'Write data to fund', 'DATA : owner_name = -3000 / detail = test', '2014-04-08 06:57:45', '::1'),
(450, 1, 'Write data to expense', 'DATA : a_dollar = 3000 / detail = ', '2014-04-08 06:57:45', '::1'),
(451, 1, 'View expense Table', NULL, '2014-04-08 06:57:45', '::1'),
(452, 1, 'View fund Table', NULL, '2014-04-08 06:57:47', '::1'),
(453, 1, 'View expense Table', NULL, '2014-04-08 06:57:54', '::1'),
(454, 1, 'Edit data in fund', 'DATA : name = owner_name = -30000 / detail = test / id = 25 ', '2014-04-08 06:57:59', '::1'),
(455, 1, 'Edit data in expense', 'DATA : name = owner_name = 30000 / detail =  / id = 48 ', '2014-04-08 06:57:59', '::1'),
(456, 1, 'View fund Table', NULL, '2014-04-08 06:58:01', '::1'),
(457, 1, 'WARNING : Delete data in fund but havent permission', 'DATA : id = 26', '2014-04-08 06:58:31', '::1'),
(458, 1, 'View fund Table', NULL, '2014-04-08 06:58:32', '::1'),
(459, 1, 'View fund Table', NULL, '2014-04-08 06:58:33', '::1'),
(460, 1, 'View expense Table', NULL, '2014-04-08 06:58:44', '::1'),
(461, 1, 'WARNING : Delete data in expense but havent permission', 'DATA : id = 49', '2014-04-08 06:58:47', '::1'),
(462, 1, 'View expense Table', NULL, '2014-04-08 06:58:47', '::1'),
(463, 1, 'View fund Table', NULL, '2014-04-08 06:58:49', '::1'),
(464, 1, 'View expense Table', NULL, '2014-04-08 06:58:50', '::1'),
(465, 1, 'View fund Table', NULL, '2014-04-08 06:58:53', '::1'),
(466, 1, 'View fund Table', NULL, '2014-04-08 07:00:35', '::1'),
(467, 1, 'WARNING : Delete data in fund but havent permission', 'DATA : id = 24', '2014-04-08 07:00:42', '::1'),
(468, 1, 'View fund Table', NULL, '2014-04-08 07:00:56', '::1'),
(469, 1, 'WARNING : Delete data in fund but havent permission', 'DATA : id = 23', '2014-04-08 07:00:59', '::1'),
(470, 1, 'View fund Table', NULL, '2014-04-08 07:01:00', '::1'),
(471, 1, 'View fund Table', NULL, '2014-04-08 07:01:01', '::1'),
(472, 1, 'View fund Table', NULL, '2014-04-08 07:01:03', '::1'),
(473, 1, 'WARNING : Delete data in fund but havent permission', 'DATA : id = 22', '2014-04-08 07:01:09', '::1'),
(474, 1, 'View fund Table', NULL, '2014-04-08 07:01:10', '::1'),
(475, 1, 'WARNING : Delete data in fund but havent permission', 'DATA : id = 21', '2014-04-08 07:01:12', '::1'),
(476, 1, 'View fund Table', NULL, '2014-04-08 07:01:13', '::1'),
(477, 1, 'WARNING : Delete data in fund but havent permission', 'DATA : id = 20', '2014-04-08 07:01:16', '::1'),
(478, 1, 'View fund Table', NULL, '2014-04-08 07:01:17', '::1'),
(479, 1, 'WARNING : Delete data in fund but havent permission', 'DATA : id = 14', '2014-04-08 07:01:20', '::1'),
(480, 1, 'View fund Table', NULL, '2014-04-08 07:01:21', '::1'),
(481, 1, 'WARNING : Delete data in fund but havent permission', 'DATA : id = 16', '2014-04-08 07:01:22', '::1'),
(482, 1, 'View fund Table', NULL, '2014-04-08 07:01:23', '::1'),
(483, 1, 'WARNING : Delete data in fund but havent permission', 'DATA : id = 25', '2014-04-08 07:01:25', '::1'),
(484, 1, 'View fund Table', NULL, '2014-04-08 07:01:25', '::1'),
(485, 1, 'View fund Table', NULL, '2014-04-08 07:01:59', '::1'),
(486, 1, 'View expense Table', NULL, '2014-04-08 07:01:59', '::1'),
(487, 1, 'View fund Table', NULL, '2014-04-08 07:02:00', '::1'),
(488, 1, 'View fund Table', NULL, '2014-04-08 07:02:05', '::1'),
(489, 1, 'View expense Table', NULL, '2014-04-08 07:02:05', '::1'),
(490, 1, 'View fund Table', NULL, '2014-04-08 07:02:06', '::1'),
(491, 1, 'View expense Table', NULL, '2014-04-08 07:02:09', '::1'),
(492, 1, 'View fund Table', NULL, '2014-04-08 07:02:10', '::1'),
(493, 1, 'View expense Table', NULL, '2014-04-08 07:02:11', '::1'),
(494, 1, 'View fund Table', NULL, '2014-04-08 07:02:11', '::1'),
(495, 1, 'View expense Table', NULL, '2014-04-08 07:02:13', '::1'),
(496, 1, 'View fund Table', NULL, '2014-04-08 07:02:13', '::1'),
(497, 1, 'View expense Table', NULL, '2014-04-08 07:02:15', '::1'),
(498, 1, 'View accounts Table', NULL, '2014-04-08 07:02:15', '::1'),
(499, 1, 'View fund Table', NULL, '2014-04-08 07:02:16', '::1'),
(500, 1, 'View fund Table', NULL, '2014-04-08 07:02:26', '::1'),
(501, 1, 'View fund Table', NULL, '2014-04-08 07:02:26', '::1'),
(502, 1, 'View expense Table', NULL, '2014-04-08 07:02:33', '::1'),
(503, 1, 'View fund Table', NULL, '2014-04-08 07:03:47', '::1'),
(504, 1, 'View expense Table', NULL, '2014-04-08 07:03:47', '::1'),
(505, 1, 'View fund Table', NULL, '2014-04-08 07:03:49', '::1'),
(506, 1, 'View expense Table', NULL, '2014-04-08 07:03:50', '::1'),
(507, 1, 'Write data to fund', 'DATA : owner_name = -900 / detail = ', '2014-04-08 07:03:54', '::1'),
(508, 1, 'Write data to expense', 'DATA : a_dollar = 900 / detail = ', '2014-04-08 07:03:54', '::1'),
(509, 1, 'View expense Table', NULL, '2014-04-08 07:03:54', '::1'),
(510, 1, 'View fund Table', NULL, '2014-04-08 07:03:56', '::1'),
(511, 1, 'View expense Table', NULL, '2014-04-08 07:03:59', '::1'),
(512, 1, 'WARNING : Delete data in fund but havent permission', 'DATA : id = 27', '2014-04-08 07:04:01', '::1'),
(513, 1, 'WARNING : Delete data in expense but havent permission', 'DATA : id = 50', '2014-04-08 07:04:01', '::1'),
(514, 1, 'View expense Table', NULL, '2014-04-08 07:04:01', '::1'),
(515, 1, 'View fund Table', NULL, '2014-04-08 07:04:02', '::1'),
(516, 1, 'View expense Table', NULL, '2014-04-08 07:04:28', '::1'),
(517, 1, 'Write data to fund', 'DATA : owner_name = -4 / detail = ', '2014-04-08 07:04:32', '::1'),
(518, 1, 'Write data to expense', 'DATA : a_dollar = 4 / detail = ', '2014-04-08 07:04:32', '::1'),
(519, 1, 'View expense Table', NULL, '2014-04-08 07:04:32', '::1'),
(520, 1, 'View fund Table', NULL, '2014-04-08 07:04:34', '::1'),
(521, 1, 'View expense Table', NULL, '2014-04-08 07:04:35', '::1'),
(522, 1, 'WARNING : Delete data in fund but havent permission', 'DATA : id = 28', '2014-04-08 07:04:37', '::1'),
(523, 1, 'WARNING : Delete data in expense but havent permission', 'DATA : id = 51', '2014-04-08 07:04:37', '::1'),
(524, 1, 'View expense Table', NULL, '2014-04-08 07:04:38', '::1'),
(525, 1, 'View fund Table', NULL, '2014-04-08 07:04:39', '::1'),
(526, 1, 'View expense Table', NULL, '2014-04-08 07:05:22', '::1'),
(527, 1, 'Write data to fund', 'DATA : owner_name = -985 / detail = ', '2014-04-08 07:05:27', '::1'),
(528, 1, 'Write data to expense', 'DATA : a_dollar = 985 / detail = ', '2014-04-08 07:05:27', '::1'),
(529, 1, 'View expense Table', NULL, '2014-04-08 07:05:27', '::1'),
(530, 1, 'WARNING : Delete data in fund but havent permission', 'DATA : id = 29', '2014-04-08 07:06:27', '::1'),
(531, 1, 'WARNING : Delete data in expense but havent permission', 'DATA : id = 52', '2014-04-08 07:06:27', '::1'),
(532, 1, 'View fund Table', NULL, '2014-04-08 07:06:46', '::1'),
(533, 1, 'WARNING : Delete data in fund but havent permission', 'DATA : id = 29', '2014-04-08 07:06:57', '::1'),
(534, 1, 'WARNING : Delete data in expense but havent permission', 'DATA : id = 52', '2014-04-08 07:06:57', '::1'),
(535, 1, 'View expense Table', NULL, '2014-04-08 07:06:57', '::1'),
(536, 1, 'WARNING : Delete data in fund but havent permission', 'DATA : id = 29', '2014-04-08 07:07:27', '::1'),
(537, 1, 'WARNING : Delete data in expense but havent permission', 'DATA : id = 52', '2014-04-08 07:07:27', '::1'),
(538, 1, 'WARNING : Delete data in fund but havent permission', 'DATA : id = 29', '2014-04-08 07:07:28', '::1'),
(539, 1, 'WARNING : Delete data in expense but havent permission', 'DATA : id = 52', '2014-04-08 07:07:28', '::1'),
(540, 1, 'WARNING : Delete data in fund but havent permission', 'DATA : id = 29', '2014-04-08 07:07:28', '::1'),
(541, 1, 'WARNING : Delete data in expense but havent permission', 'DATA : id = 52', '2014-04-08 07:07:28', '::1'),
(542, 1, 'WARNING : Delete data in fund but havent permission', 'DATA : id = 29', '2014-04-08 07:07:28', '::1'),
(543, 1, 'WARNING : Delete data in expense but havent permission', 'DATA : id = 52', '2014-04-08 07:07:28', '::1'),
(544, 1, 'WARNING : Delete data in fund but havent permission', 'DATA : id = 29', '2014-04-08 07:07:29', '::1'),
(545, 1, 'WARNING : Delete data in expense but havent permission', 'DATA : id = 52', '2014-04-08 07:07:29', '::1'),
(546, 1, 'WARNING : Delete data in fund but havent permission', 'DATA : id = 29', '2014-04-08 07:07:30', '::1'),
(547, 1, 'WARNING : Delete data in expense but havent permission', 'DATA : id = 52', '2014-04-08 07:07:30', '::1'),
(548, 1, 'WARNING : Delete data in fund but havent permission', 'DATA : id = 29', '2014-04-08 07:07:31', '::1'),
(549, 1, 'WARNING : Delete data in expense but havent permission', 'DATA : id = 52', '2014-04-08 07:07:31', '::1'),
(550, 1, 'WARNING : Delete data in fund but havent permission', 'DATA : id = 29', '2014-04-08 07:07:32', '::1'),
(551, 1, 'WARNING : Delete data in expense but havent permission', 'DATA : id = 52', '2014-04-08 07:07:32', '::1'),
(552, 1, 'WARNING : Delete data in fund but havent permission', 'DATA : id = 29', '2014-04-08 07:07:32', '::1'),
(553, 1, 'WARNING : Delete data in expense but havent permission', 'DATA : id = 52', '2014-04-08 07:07:32', '::1'),
(554, 1, 'WARNING : Delete data in fund but havent permission', 'DATA : id = 29', '2014-04-08 07:07:33', '::1'),
(555, 1, 'WARNING : Delete data in expense but havent permission', 'DATA : id = 52', '2014-04-08 07:07:33', '::1'),
(556, 1, 'WARNING : Delete data in fund but havent permission', 'DATA : id = 29', '2014-04-08 07:07:33', '::1'),
(557, 1, 'WARNING : Delete data in expense but havent permission', 'DATA : id = 52', '2014-04-08 07:07:33', '::1'),
(558, 1, 'WARNING : Delete data in fund but havent permission', 'DATA : id = 29', '2014-04-08 07:07:34', '::1'),
(559, 1, 'WARNING : Delete data in expense but havent permission', 'DATA : id = 52', '2014-04-08 07:07:34', '::1'),
(560, 1, 'WARNING : Delete data in fund but havent permission', 'DATA : id = 29', '2014-04-08 07:07:34', '::1'),
(561, 1, 'WARNING : Delete data in expense but havent permission', 'DATA : id = 52', '2014-04-08 07:07:34', '::1'),
(562, 1, 'WARNING : Delete data in fund but havent permission', 'DATA : id = 29', '2014-04-08 07:07:34', '::1'),
(563, 1, 'WARNING : Delete data in expense but havent permission', 'DATA : id = 52', '2014-04-08 07:07:34', '::1'),
(564, 1, 'WARNING : Delete data in fund but havent permission', 'DATA : id = 29', '2014-04-08 07:07:35', '::1'),
(565, 1, 'WARNING : Delete data in expense but havent permission', 'DATA : id = 52', '2014-04-08 07:07:35', '::1'),
(566, 1, 'WARNING : Delete data in fund but havent permission', 'DATA : id = 29', '2014-04-08 07:07:35', '::1'),
(567, 1, 'WARNING : Delete data in expense but havent permission', 'DATA : id = 52', '2014-04-08 07:07:35', '::1'),
(568, 1, 'WARNING : Delete data in fund but havent permission', 'DATA : id = 29', '2014-04-08 07:07:36', '::1'),
(569, 1, 'WARNING : Delete data in expense but havent permission', 'DATA : id = 52', '2014-04-08 07:07:36', '::1'),
(570, 1, 'WARNING : Delete data in fund but havent permission', 'DATA : id = 29', '2014-04-08 07:07:37', '::1'),
(571, 1, 'WARNING : Delete data in expense but havent permission', 'DATA : id = 52', '2014-04-08 07:07:37', '::1'),
(572, 1, 'WARNING : Delete data in fund but havent permission', 'DATA : id = 29', '2014-04-08 07:07:38', '::1'),
(573, 1, 'WARNING : Delete data in expense but havent permission', 'DATA : id = 52', '2014-04-08 07:07:38', '::1'),
(574, 1, 'WARNING : Delete data in fund but havent permission', 'DATA : id = 29', '2014-04-08 07:07:39', '::1'),
(575, 1, 'WARNING : Delete data in expense but havent permission', 'DATA : id = 52', '2014-04-08 07:07:39', '::1'),
(576, 1, 'View fund Table', NULL, '2014-04-08 07:07:44', '::1'),
(577, 1, 'View fund Table', NULL, '2014-04-08 07:07:47', '::1'),
(578, 1, 'WARNING : Delete data in fund but havent permission', 'DATA : id = 29', '2014-04-08 07:07:49', '::1'),
(579, 1, 'WARNING : Delete data in expense but havent permission', 'DATA : id = 52', '2014-04-08 07:07:49', '::1'),
(580, 1, 'View fund Table', NULL, '2014-04-08 07:07:52', '::1'),
(581, 1, 'View fund Table', NULL, '2014-04-08 07:07:52', '::1'),
(582, 1, 'View fund Table', NULL, '2014-04-08 07:07:53', '::1'),
(583, 1, 'WARNING : Delete data in fund but havent permission', 'DATA : id = 29', '2014-04-08 07:07:58', '::1'),
(584, 1, 'WARNING : Delete data in expense but havent permission', 'DATA : id = 52', '2014-04-08 07:07:58', '::1'),
(585, 1, 'View fund Table', NULL, '2014-04-08 07:08:01', '::1'),
(586, 1, 'View fund Table', NULL, '2014-04-08 07:08:02', '::1'),
(587, 1, 'WARNING : Delete data in fund but havent permission', 'DATA : id = 29', '2014-04-08 07:08:08', '::1'),
(588, 1, 'WARNING : Delete data in expense but havent permission', 'DATA : id = 52', '2014-04-08 07:08:08', '::1'),
(589, 1, 'WARNING : Delete data in fund but havent permission', 'DATA : id = 29', '2014-04-08 07:08:09', '::1'),
(590, 1, 'WARNING : Delete data in expense but havent permission', 'DATA : id = 52', '2014-04-08 07:08:09', '::1'),
(591, 1, 'WARNING : Delete data in fund but havent permission', 'DATA : id = 29', '2014-04-08 07:08:10', '::1'),
(592, 1, 'WARNING : Delete data in expense but havent permission', 'DATA : id = 52', '2014-04-08 07:08:10', '::1'),
(593, 1, 'View fund Table', NULL, '2014-04-08 07:08:21', '::1'),
(594, 1, 'View fund Table', NULL, '2014-04-08 07:08:22', '::1'),
(595, 1, 'WARNING : Delete data in fund but havent permission', 'DATA : id = 29', '2014-04-08 07:08:23', '::1'),
(596, 1, 'WARNING : Delete data in expense but havent permission', 'DATA : id = 52', '2014-04-08 07:08:23', '::1'),
(597, 1, 'View fund Table', NULL, '2014-04-08 07:08:26', '::1'),
(598, 1, 'WARNING : Delete data in fund but havent permission', 'DATA : id = 29', '2014-04-08 07:08:28', '::1'),
(599, 1, 'WARNING : Delete data in expense but havent permission', 'DATA : id = 52', '2014-04-08 07:08:28', '::1'),
(600, 1, 'WARNING : Delete data in fund but havent permission', 'DATA : id = 29', '2014-04-08 07:08:29', '::1'),
(601, 1, 'WARNING : Delete data in expense but havent permission', 'DATA : id = 52', '2014-04-08 07:08:29', '::1'),
(602, 1, 'WARNING : Delete data in fund but havent permission', 'DATA : id = 29', '2014-04-08 07:08:30', '::1'),
(603, 1, 'WARNING : Delete data in expense but havent permission', 'DATA : id = 52', '2014-04-08 07:08:30', '::1'),
(604, 1, 'WARNING : Delete data in fund but havent permission', 'DATA : id = 29', '2014-04-08 07:08:31', '::1'),
(605, 1, 'WARNING : Delete data in expense but havent permission', 'DATA : id = 52', '2014-04-08 07:08:31', '::1'),
(606, 1, 'WARNING : Delete data in fund but havent permission', 'DATA : id = 29', '2014-04-08 07:08:32', '::1'),
(607, 1, 'WARNING : Delete data in expense but havent permission', 'DATA : id = 52', '2014-04-08 07:08:32', '::1'),
(608, 1, 'WARNING : Delete data in fund but havent permission', 'DATA : id = 29', '2014-04-08 07:08:33', '::1'),
(609, 1, 'WARNING : Delete data in expense but havent permission', 'DATA : id = 52', '2014-04-08 07:08:33', '::1');
INSERT INTO `user_activity` (`id`, `id_user`, `action`, `detail`, `date`, `ip`) VALUES
(610, 1, 'WARNING : Delete data in fund but havent permission', 'DATA : id = 29', '2014-04-08 07:08:33', '::1'),
(611, 1, 'WARNING : Delete data in expense but havent permission', 'DATA : id = 52', '2014-04-08 07:08:33', '::1'),
(612, 1, 'View fund Table', NULL, '2014-04-08 07:08:36', '::1'),
(613, 1, 'View fund Table', NULL, '2014-04-08 07:08:36', '::1'),
(614, 1, 'View expense Table', NULL, '2014-04-08 07:09:11', '::1'),
(615, 1, 'WARNING : Delete data in expense but havent permission', 'DATA : id = 52', '2014-04-08 07:09:14', '::1'),
(616, 1, 'View expense Table', NULL, '2014-04-08 07:09:14', '::1'),
(617, 1, 'View expense Table', NULL, '2014-04-08 07:09:16', '::1'),
(618, 1, 'View expense Table', NULL, '2014-04-08 07:09:17', '::1'),
(619, 1, 'View fund Table', NULL, '2014-04-08 07:09:18', '::1'),
(620, 1, 'View expense Table', NULL, '2014-04-08 07:09:20', '::1'),
(621, 1, 'Write data to fund', 'DATA : owner_name = -9000 / detail = ', '2014-04-08 07:09:24', '::1'),
(622, 1, 'Write data to expense', 'DATA : a_dollar = 9000 / detail = ', '2014-04-08 07:09:24', '::1'),
(623, 1, 'View expense Table', NULL, '2014-04-08 07:09:24', '::1'),
(624, 1, 'View fund Table', NULL, '2014-04-08 07:09:27', '::1'),
(625, 1, 'View expense Table', NULL, '2014-04-08 07:09:51', '::1'),
(626, 1, 'WARNING : Delete data in fund but havent permission', 'DATA : id = 30', '2014-04-08 07:09:56', '::1'),
(627, 1, 'WARNING : Delete data in expense but havent permission', 'DATA : id = 48', '2014-04-08 07:09:56', '::1'),
(628, 1, 'View expense Table', NULL, '2014-04-08 07:09:57', '::1'),
(629, 1, 'View fund Table', NULL, '2014-04-08 07:09:59', '::1'),
(630, 1, 'View expense Table', NULL, '2014-04-08 07:10:02', '::1'),
(631, 1, 'WARNING : Delete data in fund but havent permission', 'DATA : id = 30', '2014-04-08 07:10:06', '::1'),
(632, 1, 'WARNING : Delete data in expense but havent permission', 'DATA : id = 53', '2014-04-08 07:10:06', '::1'),
(633, 1, 'View expense Table', NULL, '2014-04-08 07:10:07', '::1'),
(634, 1, 'View fund Table', NULL, '2014-04-08 07:10:08', '::1'),
(635, 1, 'View fund Table', NULL, '2014-04-08 07:10:17', '::1'),
(636, 1, 'WARNING : Delete data in fund but havent permission', 'DATA : id = 30', '2014-04-08 07:10:18', '::1'),
(637, 1, 'View fund Table', NULL, '2014-04-08 07:10:19', '::1'),
(638, 1, 'View fund Table', NULL, '2014-04-08 07:10:21', '::1'),
(639, 1, 'View expense Table', NULL, '2014-04-08 07:11:23', '::1'),
(640, 1, 'WARNING : Delete data in fund but havent permission', 'DATA : id = 29', '2014-04-08 07:11:30', '::1'),
(641, 1, 'WARNING : Delete data in expense but havent permission', 'DATA : id = 47', '2014-04-08 07:11:30', '::1'),
(642, 1, 'View fund Table', NULL, '2014-04-08 07:11:40', '::1'),
(643, 1, 'WARNING : Delete data in fund but havent permission', 'DATA : id = 29', '2014-04-08 07:13:40', '::1'),
(644, 1, 'WARNING : Delete data in expense but havent permission', 'DATA : id = 47', '2014-04-08 07:13:40', '::1'),
(645, 1, 'View fund Table', NULL, '2014-04-08 07:14:08', '::1'),
(646, 1, 'View expense Table', NULL, '2014-04-08 07:14:10', '::1'),
(647, 1, 'Write data to fund', 'DATA : owner_name = -21 / detail = ', '2014-04-08 07:14:14', '::1'),
(648, 1, 'Write data to expense', 'DATA : a_dollar = 21 / detail = ', '2014-04-08 07:14:14', '::1'),
(649, 1, 'View expense Table', NULL, '2014-04-08 07:14:14', '::1'),
(650, 1, 'View fund Table', NULL, '2014-04-08 07:14:15', '::1'),
(651, 1, 'View expense Table', NULL, '2014-04-08 07:14:16', '::1'),
(652, 1, 'WARNING : Delete data in fund but havent permission', 'DATA : id = 54', '2014-04-08 07:14:18', '::1'),
(653, 1, 'WARNING : Delete data in expense but havent permission', 'DATA : id = 54', '2014-04-08 07:14:18', '::1'),
(654, 1, 'WARNING : Delete data in fund but havent permission', 'DATA : id = 54', '2014-04-08 07:14:20', '::1'),
(655, 1, 'WARNING : Delete data in expense but havent permission', 'DATA : id = 54', '2014-04-08 07:14:20', '::1'),
(656, 1, 'View expense Table', NULL, '2014-04-08 07:14:24', '::1'),
(657, 1, 'View fund Table', NULL, '2014-04-08 07:14:26', '::1'),
(658, 1, 'View expense Table', NULL, '2014-04-08 07:14:32', '::1'),
(659, 1, 'Write data to fund', 'DATA : owner_name = -32 / detail = ', '2014-04-08 07:14:37', '::1'),
(660, 1, 'Write data to expense', 'DATA : a_dollar = 32 / detail = ', '2014-04-08 07:14:37', '::1'),
(661, 1, 'View expense Table', NULL, '2014-04-08 07:14:37', '::1'),
(662, 1, 'View fund Table', NULL, '2014-04-08 07:14:39', '::1'),
(663, 1, 'View expense Table', NULL, '2014-04-08 07:14:41', '::1'),
(664, 1, 'WARNING : Delete data in fund but havent permission', 'DATA : id = 55', '2014-04-08 07:14:52', '::1'),
(665, 1, 'WARNING : Delete data in expense but havent permission', 'DATA : id = 55', '2014-04-08 07:14:52', '::1'),
(666, 1, 'WARNING : Delete data in fund but havent permission', 'DATA : id = 55', '2014-04-08 07:15:10', '::1'),
(667, 1, 'WARNING : Delete data in expense but havent permission', 'DATA : id = 55', '2014-04-08 07:15:10', '::1'),
(668, 1, 'WARNING : Delete data in fund but havent permission', 'DATA : id = 55', '2014-04-08 07:15:11', '::1'),
(669, 1, 'WARNING : Delete data in expense but havent permission', 'DATA : id = 55', '2014-04-08 07:15:11', '::1'),
(670, 1, 'View expense Table', NULL, '2014-04-08 07:15:19', '::1'),
(671, 1, 'Write data to fund', 'DATA : owner_name = -32322 / detail = ', '2014-04-08 07:15:22', '::1'),
(672, 1, 'Write data to expense', 'DATA : a_dollar = 32322 / detail = ', '2014-04-08 07:15:22', '::1'),
(673, 1, 'View expense Table', NULL, '2014-04-08 07:15:22', '::1'),
(674, 1, 'View fund Table', NULL, '2014-04-08 07:15:24', '::1'),
(675, 1, 'View accounts Table', NULL, '2014-04-08 07:15:25', '::1'),
(676, 1, 'View expense Table', NULL, '2014-04-08 07:15:26', '::1'),
(677, 1, 'WARNING : Delete data in fund but havent permission', 'DATA : id = 56', '2014-04-08 07:15:27', '::1'),
(678, 1, 'WARNING : Delete data in expense but havent permission', 'DATA : id = 56', '2014-04-08 07:15:27', '::1'),
(679, 1, 'View expense Table', NULL, '2014-04-08 07:15:28', '::1'),
(680, 1, 'View fund Table', NULL, '2014-04-08 07:15:29', '::1'),
(681, 1, 'View fund Table', NULL, '2014-04-08 07:16:54', '::1'),
(682, 1, 'View expense Table', NULL, '2014-04-08 07:16:55', '::1'),
(683, 1, 'Write data to fund', 'DATA : owner_name = -11 / detail = ', '2014-04-08 07:16:59', '::1'),
(684, 1, 'Write data to expense', 'DATA : a_dollar = 11 / detail = ', '2014-04-08 07:16:59', '::1'),
(685, 1, 'View expense Table', NULL, '2014-04-08 07:16:59', '::1'),
(686, 1, 'WARNING : Delete data in fund but havent permission', 'DATA : id = 57', '2014-04-08 07:17:01', '::1'),
(687, 1, 'WARNING : Delete data in expense but havent permission', 'DATA : id = 57', '2014-04-08 07:17:01', '::1'),
(688, 1, 'View expense Table', NULL, '2014-04-08 07:17:01', '::1'),
(689, 1, 'View expense Table', NULL, '2014-04-08 07:17:03', '::1'),
(690, 1, 'View fund Table', NULL, '2014-04-08 07:17:04', '::1'),
(691, 1, 'View expense Table', NULL, '2014-04-08 07:17:05', '::1'),
(692, 1, 'View expense Table', NULL, '2014-04-08 07:17:59', '::1'),
(693, 1, 'Write data to fund', 'DATA : owner_name = -55 / detail = ', '2014-04-08 07:18:02', '::1'),
(694, 1, 'Write data to expense', 'DATA : a_dollar = 55 / detail = ', '2014-04-08 07:18:02', '::1'),
(695, 1, 'View expense Table', NULL, '2014-04-08 07:18:02', '::1'),
(696, 1, 'View fund Table', NULL, '2014-04-08 07:18:03', '::1'),
(697, 1, 'View expense Table', NULL, '2014-04-08 07:18:04', '::1'),
(698, 1, 'WARNING : Delete data in fund but havent permission', 'DATA : id = 35', '2014-04-08 07:18:06', '::1'),
(699, 1, 'WARNING : Delete data in expense but havent permission', 'DATA : id = 58', '2014-04-08 07:18:06', '::1'),
(700, 1, 'View expense Table', NULL, '2014-04-08 07:18:07', '::1'),
(701, 1, 'View fund Table', NULL, '2014-04-08 07:18:08', '::1'),
(702, 1, 'View fund Table', NULL, '2014-04-08 07:52:42', '::1'),
(703, 1, 'View expense Table', NULL, '2014-04-08 07:52:42', '::1'),
(704, 1, 'View fund Table', NULL, '2014-04-08 07:52:43', '::1'),
(705, 1, 'View expense Table', NULL, '2014-04-08 07:52:45', '::1'),
(706, 1, 'View fund Table', NULL, '2014-04-08 08:00:10', '::1'),
(707, 1, 'View expense Table', NULL, '2014-04-08 08:00:11', '::1'),
(708, 1, 'View fund Table', NULL, '2014-04-08 08:00:12', '::1'),
(709, 1, 'View expense Table', NULL, '2014-04-08 08:00:13', '::1'),
(710, 1, 'View fund Table', NULL, '2014-04-08 08:00:14', '::1'),
(711, 1, 'View fund Table', NULL, '2014-04-08 08:08:30', '::1'),
(712, 1, 'View fund Table', NULL, '2014-04-08 08:08:49', '::1'),
(713, 1, 'View fund Table', NULL, '2014-04-08 08:09:25', '::1'),
(714, 1, 'View fund Table', NULL, '2014-04-08 08:14:44', '::1'),
(715, 1, 'View fund Table', NULL, '2014-04-08 08:25:18', '::1'),
(716, 1, 'View expense Table', NULL, '2014-04-08 08:25:18', '::1'),
(717, 1, 'View expense Table', NULL, '2014-04-08 08:25:42', '::1'),
(718, 1, 'View fund Table', NULL, '2014-04-08 08:25:46', '::1'),
(719, 1, 'View expense Table', NULL, '2014-04-08 08:25:47', '::1'),
(720, 1, 'View fund Table', NULL, '2014-04-08 08:26:52', '::1'),
(721, 1, 'View expense Table', NULL, '2014-04-08 08:26:54', '::1'),
(722, 1, 'View expense Table', NULL, '2014-04-08 08:27:36', '::1'),
(723, 1, 'View fund Table', NULL, '2014-04-08 08:27:37', '::1'),
(724, 1, 'View expense Table', NULL, '2014-04-08 08:27:41', '::1'),
(725, 1, 'View fund Table', NULL, '2014-04-08 08:28:43', '::1'),
(726, 1, 'View fund Table', NULL, '2014-04-08 08:28:45', '::1'),
(727, 1, 'View expense Table', NULL, '2014-04-08 08:29:11', '::1'),
(728, 1, 'View expense Table', NULL, '2014-04-08 08:30:49', '::1'),
(729, 1, 'View expense Table', NULL, '2014-04-08 08:30:50', '::1'),
(730, 1, 'View fund Table', NULL, '2014-04-08 08:34:46', '::1'),
(731, 1, 'View expense Table', NULL, '2014-04-08 08:34:47', '::1'),
(732, 1, 'View fund Table', NULL, '2014-04-08 08:34:48', '::1'),
(733, 1, 'View fund Table', NULL, '2014-04-08 08:34:59', '::1'),
(734, 1, 'View fund Table', NULL, '2014-04-08 08:35:37', '::1'),
(735, 1, 'View expense Table', NULL, '2014-04-08 08:35:38', '::1'),
(736, 1, 'View fund Table', NULL, '2014-04-08 08:35:39', '::1'),
(737, 1, 'View fund Table', NULL, '2014-04-08 08:35:47', '::1'),
(738, 1, 'View expense Table', NULL, '2014-04-08 08:35:47', '::1'),
(739, 1, 'View fund Table', NULL, '2014-04-08 08:35:52', '::1'),
(740, 1, 'View expense Table', NULL, '2014-04-08 08:35:56', '::1'),
(741, 1, 'View accounts Table', NULL, '2014-04-08 08:35:58', '::1'),
(742, 1, 'View expense Table', NULL, '2014-04-08 08:35:59', '::1'),
(743, 1, 'View fund Table', NULL, '2014-04-08 08:36:00', '::1'),
(744, 1, 'View fund Table', NULL, '2014-04-08 08:36:40', '::1'),
(745, 1, 'View accounts Table', NULL, '2014-04-08 08:37:02', '::1'),
(746, 1, 'View accounts Table', NULL, '2014-04-08 08:38:12', '::1'),
(747, 1, 'View fund Table', NULL, '2014-04-08 08:38:20', '::1'),
(748, 1, 'View expense Table', NULL, '2014-04-08 08:38:21', '::1'),
(749, 1, 'View accounts Table', NULL, '2014-04-08 08:38:21', '::1'),
(750, 1, 'View accounts Table', NULL, '2014-04-08 08:38:54', '::1'),
(751, 1, 'View expense Table', NULL, '2014-04-08 08:38:54', '::1'),
(752, 1, 'View fund Table', NULL, '2014-04-08 08:38:55', '::1'),
(753, 1, 'View fund Table', NULL, '2014-04-08 08:38:56', '::1'),
(754, 1, 'View expense Table', NULL, '2014-04-08 08:38:57', '::1'),
(755, 1, 'View accounts Table', NULL, '2014-04-08 08:38:57', '::1'),
(756, 1, 'View accounts Table', NULL, '2014-04-08 08:41:13', '::1'),
(757, 1, 'View accounts Table', NULL, '2014-04-08 08:41:19', '::1'),
(758, 1, 'View expense Table', NULL, '2014-04-08 08:41:50', '::1'),
(759, 1, 'View expense Table', NULL, '2014-04-08 08:45:29', '::1'),
(760, 1, 'View expense Table', NULL, '2014-04-08 08:45:32', '::1'),
(761, 1, 'View expense Table', NULL, '2014-04-08 08:45:32', '::1'),
(762, 1, 'View expense Table', NULL, '2014-04-08 08:45:42', '::1'),
(763, 1, 'View expense Table', NULL, '2014-04-08 08:46:18', '::1'),
(764, 1, 'View expense Table', NULL, '2014-04-08 08:46:22', '::1'),
(765, 1, 'View accounts Table', NULL, '2014-04-08 08:46:24', '::1'),
(766, 1, 'View expense Table', NULL, '2014-04-08 08:46:24', '::1'),
(767, 1, 'View accounts Table', NULL, '2014-04-08 08:46:26', '::1'),
(768, 1, 'View expense Table', NULL, '2014-04-08 08:46:27', '::1'),
(769, 1, 'View payments Table', NULL, '2014-04-08 08:46:29', '::1'),
(770, 1, 'View expense Table', NULL, '2014-04-08 08:46:30', '::1'),
(771, 1, 'View expense Table', NULL, '2014-04-08 08:46:30', '::1'),
(772, 1, 'View expense Table', NULL, '2014-04-08 08:46:32', '::1'),
(773, 1, 'View expense Table', NULL, '2014-04-08 08:46:46', '::1'),
(774, 1, 'View expense Table', NULL, '2014-04-08 08:47:12', '::1'),
(775, 1, 'View expense Table', NULL, '2014-04-08 08:47:14', '::1'),
(776, 1, 'View expense Table', NULL, '2014-04-08 08:47:15', '::1'),
(777, 1, 'View accounts Table', NULL, '2014-04-08 08:47:16', '::1'),
(778, 1, 'View expense Table', NULL, '2014-04-08 08:47:17', '::1'),
(779, 1, 'View expense Table', NULL, '2014-04-08 08:52:51', '::1'),
(780, 1, 'View accounts Table', NULL, '2014-04-08 08:53:20', '::1'),
(781, 1, 'View loan_payout Table', NULL, '2014-04-08 08:53:39', '::1'),
(782, 1, 'View payouts Table', NULL, '2014-04-08 08:54:35', '::1'),
(783, 1, 'View Reports', NULL, '2014-04-08 08:54:36', '::1'),
(784, 1, 'View payouts Table', NULL, '2014-04-08 08:54:38', '::1'),
(785, 1, 'View loan_payout Table', NULL, '2014-04-08 08:56:06', '::1'),
(786, 1, 'View loan_payout Table', NULL, '2014-04-08 08:56:17', '::1'),
(787, 1, 'Write data to fund', 'DATA : owner_name = -600 / detail = ', '2014-04-08 08:58:59', '::1'),
(788, 1, 'Write data to loan_payout', 'DATA : a_dollar = 600 / detail = ', '2014-04-08 08:58:59', '::1'),
(789, 1, 'View loan_payout Table', NULL, '2014-04-08 08:59:03', '::1'),
(790, 1, 'View fund Table', NULL, '2014-04-08 08:59:05', '::1'),
(791, 1, 'View loan_payout Table', NULL, '2014-04-08 08:59:17', '::1'),
(792, 1, 'Write data to fund', 'DATA : owner_name = -350 / detail = ', '2014-04-08 09:00:25', '::1'),
(793, 1, 'Write data to loan_payout', 'DATA : a_dollar = 350 / detail = 36325', '2014-04-08 09:00:25', '::1'),
(794, 1, 'Write data to fund', 'DATA : owner_name = -350 / detail = ', '2014-04-08 09:01:42', '::1'),
(795, 1, 'Write data to loan_payout', 'DATA : a_dollar = 350 / detail = 36325', '2014-04-08 09:01:42', '::1'),
(796, 1, 'Write data to fund', 'DATA : owner_name = -350 / detail = 36325', '2014-04-08 09:02:16', '::1'),
(797, 1, 'Write data to loan_payout', 'DATA : a_dollar = 350 / detail = 36325', '2014-04-08 09:02:16', '::1'),
(798, 1, 'Write data to fund', 'DATA : owner_name = -350 / detail = 36325', '2014-04-08 09:02:31', '::1'),
(799, 1, 'Write data to loan_payout', 'DATA : a_dollar = 350 / detail = 36325', '2014-04-08 09:02:31', '::1'),
(800, 1, 'View loan_payout Table', NULL, '2014-04-08 09:02:31', '::1'),
(801, 1, 'View fund Table', NULL, '2014-04-08 09:02:35', '::1'),
(802, 1, 'View loan_payout Table', NULL, '2014-04-08 09:02:44', '::1'),
(803, 1, 'WARNING : Delete data in fund but havent permission', 'DATA : id = 39', '2014-04-08 09:02:49', '::1'),
(804, 1, 'WARNING : Delete data in loan_payout but havent permission', 'DATA : id = 5', '2014-04-08 09:02:49', '::1'),
(805, 1, 'View loan_payout Table', NULL, '2014-04-08 09:02:50', '::1'),
(806, 1, 'View fund Table', NULL, '2014-04-08 09:02:51', '::1'),
(807, 1, 'View loan_payout Table', NULL, '2014-04-08 09:02:57', '::1'),
(808, 1, 'View accounts Table', NULL, '2014-04-08 09:03:12', '::1'),
(809, 1, 'View loan_payout Table', NULL, '2014-04-08 09:05:00', '::1'),
(810, 1, 'View loan_payout Table', NULL, '2014-04-08 09:06:37', '::1'),
(811, 1, 'Edit data in fund', 'DATA : name = owner_name = -350 / detail = 36325 / id = 40 ', '2014-04-08 09:06:43', '::1'),
(812, 1, 'Edit data in loan_payout', 'DATA : name = owner_name = 350 / detail = 36325 / id = 6 ', '2014-04-08 09:06:43', '::1'),
(813, 1, 'View fund Table', NULL, '2014-04-08 09:06:45', '::1'),
(814, 1, 'View loan_payout Table', NULL, '2014-04-08 09:06:48', '::1'),
(815, 1, 'Edit data in fund', 'DATA : name = owner_name = -350 / detail = 36325 / id = 40 ', '2014-04-08 09:06:53', '::1'),
(816, 1, 'Edit data in loan_payout', 'DATA : name = owner_name = 350 / detail = 36325 / id = 6 ', '2014-04-08 09:06:53', '::1'),
(817, 1, 'View fund Table', NULL, '2014-04-08 09:06:55', '::1'),
(818, 1, 'View loan_payout Table', NULL, '2014-04-08 09:07:02', '::1'),
(819, 1, 'View fund Table', NULL, '2014-04-08 09:07:13', '::1'),
(820, 1, 'View loan_payout Table', NULL, '2014-04-08 09:07:19', '::1'),
(821, 1, 'View expense Table', NULL, '2014-04-08 09:07:26', '::1'),
(822, 1, 'View fund Table', NULL, '2014-04-08 09:07:27', '::1'),
(823, 1, 'View loan_payout Table', NULL, '2014-04-08 09:10:29', '::1'),
(824, 1, 'View accounts Table', NULL, '2014-04-08 09:10:32', '::1'),
(825, 1, 'View accounts Table', NULL, '2014-04-08 09:10:37', '::1'),
(826, 1, 'View loan_payout Table', NULL, '2014-04-08 09:10:37', '::1'),
(827, 1, 'View loan_payout Table', NULL, '2014-04-08 09:10:58', '::1'),
(828, 1, 'View fund Table', NULL, '2014-04-08 09:11:02', '::1'),
(829, 1, 'View loan_payout Table', NULL, '2014-04-08 09:11:38', '::1'),
(830, 1, 'Write data to fund', 'DATA : owner_name = -11 / detail = دیاکۆ ئەمیر رەحمان', '2014-04-08 09:12:06', '::1'),
(831, 1, 'Write data to loan_payout', 'DATA : a_dollar = 11 / detail = 11', '2014-04-08 09:12:06', '::1'),
(832, 1, 'View loan_payout Table', NULL, '2014-04-08 09:12:06', '::1'),
(833, 1, 'View fund Table', NULL, '2014-04-08 09:12:08', '::1'),
(834, 1, 'View expense Table', NULL, '2014-04-08 09:12:17', '::1'),
(835, 1, 'View loan_payout Table', NULL, '2014-04-08 09:12:18', '::1'),
(836, 1, 'Edit data in fund', 'DATA : name = owner_name = -11 / detail = 11 / id = 41 ', '2014-04-08 09:12:22', '::1'),
(837, 1, 'Edit data in loan_payout', 'DATA : name = owner_name = 11 / detail = 11 / id = 8 ', '2014-04-08 09:12:22', '::1'),
(838, 1, 'View expense Table', NULL, '2014-04-08 09:12:24', '::1'),
(839, 1, 'View fund Table', NULL, '2014-04-08 09:12:25', '::1'),
(840, 1, 'View accounts Table', NULL, '2014-04-08 09:12:37', '::1'),
(841, 1, 'View expense Table', NULL, '2014-04-08 09:13:20', '::1'),
(842, 1, 'View loan_payout Table', NULL, '2014-04-08 09:13:21', '::1'),
(843, 1, 'Edit data in fund', 'DATA : name = owner_name = -11 / detail = دیاکۆ ئەمیر رەحمان / id = 41 ', '2014-04-08 09:13:27', '::1'),
(844, 1, 'Edit data in loan_payout', 'DATA : name = owner_name = 11 / detail = 11 / id = 8 ', '2014-04-08 09:13:27', '::1'),
(845, 1, 'View expense Table', NULL, '2014-04-08 09:13:29', '::1'),
(846, 1, 'View fund Table', NULL, '2014-04-08 09:13:31', '::1'),
(847, 1, 'View payments Table', NULL, '2014-04-08 09:14:06', '::1'),
(848, 1, 'View loan_payout Table', NULL, '2014-04-08 09:14:07', '::1'),
(849, 1, 'View accounts Table', NULL, '2014-04-08 09:14:08', '::1'),
(850, 1, 'View accounts Table', NULL, '2014-04-08 09:15:10', '::1'),
(851, 1, 'View buy_account''s Detail', NULL, '2014-04-08 09:15:20', '::1'),
(852, 1, 'View accounts Table', NULL, '2014-04-08 09:15:31', '::1'),
(853, 1, 'View loan_payout Table', NULL, '2014-04-08 09:15:32', '::1'),
(854, 1, 'View payments Table', NULL, '2014-04-08 09:20:24', '::1'),
(855, 1, 'View payouts Table', NULL, '2014-04-08 09:20:25', '::1'),
(856, 1, 'View payments Table', NULL, '2014-04-08 09:20:25', '::1'),
(857, 1, 'View loan_payout Table', NULL, '2014-04-08 09:20:26', '::1'),
(858, 1, 'View loan_payout Table', NULL, '2014-04-08 09:21:01', '::1'),
(859, 1, 'View accounts Table', NULL, '2014-04-08 09:21:04', '::1'),
(860, 1, 'View loan_payout Table', NULL, '2014-04-08 09:21:05', '::1'),
(861, 1, 'View expense Table', NULL, '2014-04-08 09:22:49', '::1'),
(862, 1, 'View accounts Table', NULL, '2014-04-08 09:23:10', '::1'),
(863, 1, 'View expense Table', NULL, '2014-04-08 09:29:57', '::1'),
(864, 1, 'View accounts Table', NULL, '2014-04-08 09:30:38', '::1'),
(865, 1, 'View accounts Table', NULL, '2014-04-08 09:30:42', '::1'),
(866, 1, 'View loan_payout Table', NULL, '2014-04-08 09:30:53', '::1'),
(867, 1, 'View loan_payout Table', NULL, '2014-04-08 09:30:58', '::1'),
(868, 1, 'View loan_payout Table', NULL, '2014-04-08 09:30:59', '::1'),
(869, 1, 'View accounts Table', NULL, '2014-04-08 09:31:50', '::1'),
(870, 1, 'View accounts Table', NULL, '2014-04-08 09:31:54', '::1'),
(871, 1, 'View accounts Table', NULL, '2014-04-08 09:32:30', '::1'),
(872, 1, 'View accounts Table', NULL, '2014-04-08 09:32:59', '::1'),
(873, 1, 'View accounts Table', NULL, '2014-04-08 09:33:55', '::1'),
(874, 1, 'View accounts Table', NULL, '2014-04-08 09:34:02', '::1'),
(875, 1, 'View accounts Table', NULL, '2014-04-08 09:34:09', '::1'),
(876, 1, 'View accounts Table', NULL, '2014-04-08 09:34:09', '::1'),
(877, 1, 'View payments Table', NULL, '2014-04-08 09:34:27', '::1'),
(878, 1, 'View loan_payout Table', NULL, '2014-04-08 09:34:27', '::1'),
(879, 1, 'View accounts Table', NULL, '2014-04-08 09:34:30', '::1'),
(880, 1, 'View accounts Table', NULL, '2014-04-08 09:35:44', '::1'),
(881, 1, 'View accounts Table', NULL, '2014-04-08 09:35:45', '::1'),
(882, 1, 'View accounts Table', NULL, '2014-04-08 09:35:46', '::1'),
(883, 1, 'View loan_payout Table', NULL, '2014-04-08 09:35:47', '::1'),
(884, 1, 'View accounts Table', NULL, '2014-04-08 09:35:48', '::1'),
(885, 1, 'View accounts Table', NULL, '2014-04-08 09:36:52', '::1'),
(886, 1, 'View accounts Table', NULL, '2014-04-08 09:36:53', '::1'),
(887, 1, 'View accounts Table', NULL, '2014-04-08 09:37:19', '::1'),
(888, 1, 'View expense Table', NULL, '2014-04-08 09:37:25', '::1'),
(889, 1, 'View fund Table', NULL, '2014-04-08 09:37:28', '::1'),
(890, 1, 'View expense Table', NULL, '2014-04-08 09:37:30', '::1'),
(891, 1, 'View accounts Table', NULL, '2014-04-08 09:37:31', '::1'),
(892, 1, 'View loan_payout Table', NULL, '2014-04-08 09:37:31', '::1'),
(893, 1, 'WARNING : Delete data in fund but havent permission', 'DATA : id = 41', '2014-04-08 09:37:53', '::1'),
(894, 1, 'WARNING : Delete data in loan_payout but havent permission', 'DATA : id = 8', '2014-04-08 09:37:53', '::1'),
(895, 1, 'View loan_payout Table', NULL, '2014-04-08 09:37:53', '::1'),
(896, 1, 'View loan_payout Table', NULL, '2014-04-08 09:37:55', '::1'),
(897, 1, 'View accounts Table', NULL, '2014-04-08 09:37:59', '::1'),
(898, 1, 'Write data to accounts', 'DATA : owner_name = محمد ابراهیم زاده / detail = لیبلبیل بیلبیل یبل یبل یب', '2014-04-08 09:38:16', '::1'),
(899, 1, 'View accounts Table', NULL, '2014-04-08 09:38:16', '::1'),
(900, 1, 'View expense Table', NULL, '2014-04-08 09:38:20', '::1'),
(901, 1, 'View accounts Table', NULL, '2014-04-08 09:38:20', '::1'),
(902, 1, 'View loan_payout Table', NULL, '2014-04-08 09:38:22', '::1'),
(903, 1, 'Write data to fund', 'DATA : owner_name = -3600 / detail = محمد ابراهیم زاده', '2014-04-08 09:38:30', '::1'),
(904, 1, 'Write data to loan_payout', 'DATA : a_dollar = 3600 / detail = صیسیسی', '2014-04-08 09:38:30', '::1'),
(905, 1, 'View loan_payout Table', NULL, '2014-04-08 09:38:30', '::1'),
(906, 1, 'View fund Table', NULL, '2014-04-08 09:38:33', '::1'),
(907, 1, 'View expense Table', NULL, '2014-04-08 09:38:49', '::1'),
(908, 1, 'Write data to fund', 'DATA : owner_name = -60000 / detail = ', '2014-04-08 09:39:01', '::1'),
(909, 1, 'Write data to expense', 'DATA : a_dollar = 60000 / detail = ', '2014-04-08 09:39:01', '::1'),
(910, 1, 'View expense Table', NULL, '2014-04-08 09:39:01', '::1'),
(911, 1, 'View fund Table', NULL, '2014-04-08 09:39:03', '::1'),
(912, 1, 'View loan_payout Table', NULL, '2014-04-08 09:39:15', '::1'),
(913, 1, 'WARNING : Delete data in fund but havent permission', 'DATA : id = 42', '2014-04-08 09:39:18', '::1'),
(914, 1, 'WARNING : Delete data in loan_payout but havent permission', 'DATA : id = 9', '2014-04-08 09:39:18', '::1'),
(915, 1, 'View loan_payout Table', NULL, '2014-04-08 09:39:18', '::1'),
(916, 1, 'View fund Table', NULL, '2014-04-08 09:39:20', '::1'),
(917, 1, 'View loan_payout Table', NULL, '2014-04-08 09:40:05', '::1'),
(918, 1, 'View loan_payout Table', NULL, '2014-04-08 09:41:59', '::1'),
(919, 1, 'View fund Table', NULL, '2014-04-08 09:42:01', '::1'),
(920, 1, 'View expense Table', NULL, '2014-04-08 09:42:02', '::1'),
(921, 1, 'View accounts Table', NULL, '2014-04-08 09:42:02', '::1'),
(922, 1, 'View loan_payout Table', NULL, '2014-04-08 09:42:09', '::1'),
(923, 1, 'View accounts Table', NULL, '2014-04-08 09:42:10', '::1'),
(924, 1, 'View loan_payout Table', NULL, '2014-04-08 09:42:11', '::1'),
(925, 1, 'View loan_payout Table', NULL, '2014-04-08 09:42:13', '::1'),
(926, 1, 'View loan_payout Table', NULL, '2014-04-08 09:43:22', '::1'),
(927, 1, 'View fund Table', NULL, '2014-04-08 09:43:23', '::1'),
(928, 1, 'View expense Table', NULL, '2014-04-08 09:43:24', '::1'),
(929, 1, 'View accounts Table', NULL, '2014-04-08 09:43:25', '::1'),
(930, 1, 'View loan_payout Table', NULL, '2014-04-08 09:43:26', '::1'),
(931, 1, 'View loan_payout Table', NULL, '2014-04-08 09:43:26', '::1'),
(932, 1, 'View Reports', NULL, '2014-04-08 09:43:28', '::1'),
(933, 1, 'View loan_payout Table', NULL, '2014-04-08 09:43:28', '::1'),
(934, 1, 'View loan_payout Table', NULL, '2014-04-08 09:43:29', '::1'),
(935, 1, 'View accounts Table', NULL, '2014-04-08 09:43:30', '::1'),
(936, 1, 'View loan_payout Table', NULL, '2014-04-08 09:43:30', '::1'),
(937, 1, 'View loan_payout Table', NULL, '2014-04-08 09:43:32', '::1'),
(938, 1, 'View expense Table', NULL, '2014-04-08 09:43:55', '::1'),
(939, 1, 'View loan_payout Table', NULL, '2014-04-08 09:43:56', '::1'),
(940, 1, 'View loan_payout Table', NULL, '2014-04-08 09:43:57', '::1'),
(941, 1, 'View loan_payout Table', NULL, '2014-04-08 09:43:58', '::1'),
(942, 1, 'View loan_payout Table', NULL, '2014-04-08 09:45:30', '::1'),
(943, 1, 'View loan_payout Table', NULL, '2014-04-08 09:45:31', '::1'),
(944, 1, 'View loan_payment Table', NULL, '2014-04-08 09:46:24', '::1'),
(945, 1, 'View loan_payment Table', NULL, '2014-04-08 09:46:25', '::1'),
(946, 1, 'View loan_payment Table', NULL, '2014-04-08 09:46:26', '::1'),
(947, 1, 'View loan_payout Table', NULL, '2014-04-08 09:46:28', '::1'),
(948, 1, 'View loan_payment Table', NULL, '2014-04-08 09:46:29', '::1'),
(949, 1, 'Write data to fund', 'DATA : owner_name = -3600 / detail = دیاکۆ ئەمیر رەحمان', '2014-04-08 09:46:36', '::1'),
(950, 1, 'Write data to loan_payment', 'DATA : a_dollar = 3600 / detail = ', '2014-04-08 09:46:36', '::1'),
(951, 1, 'View loan_payment Table', NULL, '2014-04-08 09:46:36', '::1'),
(952, 1, 'View loan_payment Table', NULL, '2014-04-08 09:47:29', '::1'),
(953, 1, 'View loan_payment Table', NULL, '2014-04-08 09:47:30', '::1'),
(954, 1, 'WARNING : Delete data in fund but havent permission', 'DATA : id = 44', '2014-04-08 09:47:32', '::1'),
(955, 1, 'WARNING : Delete data in loan_payment but havent permission', 'DATA : id = 9', '2014-04-08 09:47:32', '::1'),
(956, 1, 'View loan_payment Table', NULL, '2014-04-08 09:47:33', '::1'),
(957, 1, 'View fund Table', NULL, '2014-04-08 09:47:35', '::1'),
(958, 1, 'View loan_payment Table', NULL, '2014-04-08 09:47:38', '::1'),
(959, 1, 'View fund Table', NULL, '2014-04-08 09:47:41', '::1'),
(960, 1, 'View loan_payment Table', NULL, '2014-04-08 09:47:46', '::1'),
(961, 1, 'Write data to fund', 'DATA : owner_name =  / detail = دیاکۆ ئەمیر رەحمان', '2014-04-08 09:47:53', '::1'),
(962, 1, 'Write data to loan_payment', 'DATA : a_dollar =  / detail = ', '2014-04-08 09:47:53', '::1'),
(963, 1, 'View loan_payment Table', NULL, '2014-04-08 09:47:53', '::1'),
(964, 1, 'View fund Table', NULL, '2014-04-08 09:47:54', '::1'),
(965, 1, 'View fund Table', NULL, '2014-04-08 09:48:47', '::1'),
(966, 1, 'View expense Table', NULL, '2014-04-08 09:48:49', '::1'),
(967, 1, 'View accounts Table', NULL, '2014-04-08 09:48:51', '::1'),
(968, 1, 'View loan_payment Table', NULL, '2014-04-08 09:48:53', '::1'),
(969, 1, 'View loan_payout Table', NULL, '2014-04-08 09:48:55', '::1'),
(970, 1, 'View expense Table', NULL, '2014-04-08 09:48:58', '::1'),
(971, 1, 'View fund Table', NULL, '2014-04-08 09:48:58', '::1'),
(972, 1, 'View loan_payment Table', NULL, '2014-04-08 09:49:08', '::1'),
(973, 1, 'Write data to fund', 'DATA : owner_name =  / detail = محمد ابراهیم زاده', '2014-04-08 09:49:15', '::1'),
(974, 1, 'Write data to loan_payment', 'DATA : a_dollar =  / detail = ', '2014-04-08 09:49:15', '::1'),
(975, 1, 'View loan_payment Table', NULL, '2014-04-08 09:49:15', '::1'),
(976, 1, 'View fund Table', NULL, '2014-04-08 09:49:17', '::1'),
(977, 1, 'View fund Table', NULL, '2014-04-08 09:50:43', '::1'),
(978, 1, 'View fund Table', NULL, '2014-04-08 09:51:25', '::1'),
(979, 1, 'View fund Table', NULL, '2014-04-08 09:52:04', '::1'),
(980, 1, 'View fund Table', NULL, '2014-04-08 09:52:43', '::1'),
(981, 1, 'View expense Table', NULL, '2014-04-08 09:52:48', '::1'),
(982, 1, 'View expense Table', NULL, '2014-04-08 09:53:37', '::1'),
(983, 1, 'View accounts Table', NULL, '2014-04-08 09:53:39', '::1'),
(984, 1, 'View accounts Table', NULL, '2014-04-08 09:54:23', '::1'),
(985, 1, 'View loan_payment Table', NULL, '2014-04-08 09:54:29', '::1'),
(986, 1, 'View loan_payment Table', NULL, '2014-04-08 09:55:15', '::1'),
(987, 1, 'View loan_payment Table', NULL, '2014-04-08 09:55:16', '::1'),
(988, 1, 'View accounts Table', NULL, '2014-04-08 09:55:29', '::1'),
(989, 1, 'View loan_payment Table', NULL, '2014-04-08 09:55:30', '::1'),
(990, 1, 'View loan_payout Table', NULL, '2014-04-08 09:55:30', '::1'),
(991, 1, 'View accounts Table', NULL, '2014-04-08 09:56:19', '::1'),
(992, 1, 'View loan_payment Table', NULL, '2014-04-08 09:56:19', '::1'),
(993, 1, 'View accounts Table', NULL, '2014-04-08 09:56:21', '::1'),
(994, 1, 'View loan_payment Table', NULL, '2014-04-08 09:56:21', '::1'),
(995, 1, 'View loan_payment Table', NULL, '2014-04-08 09:56:23', '::1'),
(996, 1, 'View loan_payout Table', NULL, '2014-04-08 09:56:24', '::1'),
(997, 1, 'View loan_payment Table', NULL, '2014-04-08 09:56:25', '::1'),
(998, 1, 'View loan_payment Table', NULL, '2014-04-08 09:57:25', '::1'),
(999, 1, 'View loan_payout Table', NULL, '2014-04-08 09:57:26', '::1'),
(1000, 1, 'View loan_payment Table', NULL, '2014-04-08 09:57:28', '::1'),
(1001, 1, 'View loan_payout Table', NULL, '2014-04-08 09:57:29', '::1'),
(1002, 1, 'View loan_payment Table', NULL, '2014-04-08 09:57:30', '::1'),
(1003, 1, 'View accounts Table', NULL, '2014-04-08 09:57:30', '::1'),
(1004, 1, 'View expense Table', NULL, '2014-04-08 09:57:31', '::1'),
(1005, 1, 'View fund Table', NULL, '2014-04-08 09:57:33', '::1'),
(1006, 1, 'View expense Table', NULL, '2014-04-08 09:57:33', '::1'),
(1007, 1, 'View accounts Table', NULL, '2014-04-08 09:57:35', '::1'),
(1008, 1, 'View loan_payout Table', NULL, '2014-04-08 09:57:36', '::1'),
(1009, 1, 'View loan_payment Table', NULL, '2014-04-08 09:57:36', '::1'),
(1010, 1, 'View accounts Table', NULL, '2014-04-08 09:57:37', '::1'),
(1011, 1, 'View expense Table', NULL, '2014-04-08 09:57:38', '::1'),
(1012, 1, 'View accounts Table', NULL, '2014-04-08 09:57:39', '::1'),
(1013, 1, 'View accounts Table', NULL, '2014-04-08 09:58:08', '::1'),
(1014, 1, 'View loan_payment Table', NULL, '2014-04-08 09:58:08', '::1'),
(1015, 1, 'View loan_payout Table', NULL, '2014-04-08 09:58:09', '::1'),
(1016, 1, 'View All User Activity', NULL, '2014-04-08 09:59:05', '::1'),
(1017, 1, 'View accounts Table', NULL, '2014-04-08 09:59:08', '::1'),
(1018, 1, 'View loan_payment Table', NULL, '2014-04-08 09:59:34', '::1'),
(1019, 1, 'View All User Activity', NULL, '2014-04-08 09:59:59', '::1'),
(1020, 1, 'View Reports', NULL, '2014-04-08 10:00:00', '::1'),
(1021, 1, 'View All User Activity', NULL, '2014-04-08 10:00:00', '::1'),
(1022, 1, 'View expense Table', NULL, '2014-04-08 10:00:05', '::1'),
(1023, 1, 'View fund Table', NULL, '2014-04-08 10:00:06', '::1'),
(1024, 1, 'View accounts Table', NULL, '2014-04-08 10:00:07', '::1'),
(1025, 1, 'View loan_payment Table', NULL, '2014-04-08 10:00:08', '::1'),
(1026, 1, 'View loan_payout Table', NULL, '2014-04-08 10:00:08', '::1'),
(1027, 1, 'View loan_payment Table', NULL, '2014-04-08 10:00:10', '::1'),
(1028, 1, 'View loan_payout Table', NULL, '2014-04-08 10:00:11', '::1'),
(1029, 1, 'View accounts Table', NULL, '2014-04-08 10:00:12', '::1'),
(1030, 1, 'View buy_account''s Detail', NULL, '2014-04-08 10:00:14', '::1'),
(1031, 1, 'View buy_account''s Detail', NULL, '2014-04-08 10:00:17', '::1'),
(1032, 1, 'View accounts Table', NULL, '2014-04-08 10:00:25', '::1'),
(1033, 1, 'View loan_payment Table', NULL, '2014-04-08 10:00:26', '::1'),
(1034, 1, 'View accounts Table', NULL, '2014-04-08 10:00:27', '::1'),
(1035, 1, 'View expense Table', NULL, '2014-04-08 10:00:27', '::1'),
(1036, 1, 'View accounts Table', NULL, '2014-04-08 10:00:29', '::1'),
(1037, 1, 'View loan_payment Table', NULL, '2014-04-08 10:00:37', '::1'),
(1038, 1, 'View loan_payout Table', NULL, '2014-04-08 10:00:38', '::1'),
(1039, 1, 'View fund Table', NULL, '2014-04-08 10:02:19', '::1'),
(1040, 1, 'View fund Table', NULL, '2014-04-08 10:02:36', '::1'),
(1041, 1, 'View fund Table', NULL, '2014-04-08 10:03:15', '::1'),
(1042, 1, 'View expense Table', NULL, '2014-04-08 10:03:51', '::1'),
(1043, 1, 'View loan_payment Table', NULL, '2014-04-08 10:03:55', '::1'),
(1044, 1, 'View loan_payout Table', NULL, '2014-04-08 10:03:56', '::1'),
(1045, 1, 'View loan_payment Table', NULL, '2014-04-08 10:03:57', '::1'),
(1046, 1, 'View loan_payout Table', NULL, '2014-04-08 10:03:58', '::1'),
(1047, 1, 'View loan_payout Table', NULL, '2014-04-08 10:04:00', '::1'),
(1048, 1, 'View fund Table', NULL, '2014-04-08 10:08:16', '::1'),
(1049, 1, 'View expense Table', NULL, '2014-04-08 10:08:17', '::1'),
(1050, 1, 'View loan_payment Table', NULL, '2014-04-08 10:08:20', '::1'),
(1051, 1, 'View loan_payout Table', NULL, '2014-04-08 10:08:21', '::1'),
(1052, 1, 'View loan_payment Table', NULL, '2014-04-08 10:08:22', '::1'),
(1053, 1, 'View loan_payout Table', NULL, '2014-04-08 10:08:24', '::1'),
(1054, 1, 'View loan_payout Table', NULL, '2014-04-08 10:08:27', '::1'),
(1055, 1, 'View loan_payment Table', NULL, '2014-04-08 10:08:33', '::1'),
(1056, 1, 'View loan_payment Table', NULL, '2014-04-08 10:12:47', '::1'),
(1057, 1, 'View loan_payment Table', NULL, '2014-04-08 10:12:51', '::1'),
(1058, 1, 'View loan_payout Table', NULL, '2014-04-08 10:15:26', '::1'),
(1059, 1, 'View loan_payout Table', NULL, '2014-04-08 10:15:26', '::1'),
(1060, 1, 'View loan_payment Table', NULL, '2014-04-08 10:15:27', '::1'),
(1061, 1, 'View loan_payment Table', NULL, '2014-04-08 10:15:27', '::1'),
(1062, 1, 'View loan_payout Table', NULL, '2014-04-08 10:15:29', '::1'),
(1063, 1, 'View loan_payment Table', NULL, '2014-04-08 10:15:29', '::1'),
(1064, 1, 'View loan_payment Table', NULL, '2014-04-08 10:15:49', '::1'),
(1065, 1, 'View loan_payment Table', NULL, '2014-04-08 10:15:54', '::1'),
(1066, 1, 'View loan_payment Table', NULL, '2014-04-08 10:19:38', '::1'),
(1067, 1, 'View loan_payment Table', NULL, '2014-04-08 10:20:23', '::1'),
(1068, 1, 'View fund Table', NULL, '2014-04-08 11:02:09', '::1'),
(1069, 1, 'View expense Table', NULL, '2014-04-08 11:02:42', '::1'),
(1070, 1, 'View fund Table', NULL, '2014-04-08 11:03:24', '::1'),
(1071, 1, 'View expense Table', NULL, '2014-04-08 11:03:26', '::1'),
(1072, 1, 'View fund Table', NULL, '2014-04-08 11:03:27', '::1'),
(1073, 1, 'View expense Table', NULL, '2014-04-08 11:03:33', '::1'),
(1074, 1, 'Write data to fund', 'DATA : owner_name = -100000 / detail = ', '2014-04-08 11:03:39', '::1'),
(1075, 1, 'Write data to expense', 'DATA : a_dollar = 100000 / detail = ', '2014-04-08 11:03:39', '::1'),
(1076, 1, 'View expense Table', NULL, '2014-04-08 11:03:39', '::1'),
(1077, 1, 'View fund Table', NULL, '2014-04-08 11:03:41', '::1'),
(1078, 1, 'View expense Table', NULL, '2014-04-08 11:04:02', '::1'),
(1079, 1, 'View accounts Table', NULL, '2014-04-08 11:04:03', '::1'),
(1080, 1, 'Write data to accounts', 'DATA : owner_name = باوەری ماموەستا جەمال / detail = point', '2014-04-08 11:04:56', '::1'),
(1081, 1, 'View accounts Table', NULL, '2014-04-08 11:04:56', '::1'),
(1082, 1, 'View loan_payout Table', NULL, '2014-04-08 11:05:07', '::1'),
(1083, 1, 'View loan_payment Table', NULL, '2014-04-08 11:05:11', '::1'),
(1084, 1, 'Write data to fund', 'DATA : owner_name = 100000 / detail = باوەری ماموەستا جەمال', '2014-04-08 11:05:37', '::1'),
(1085, 1, 'Write data to loan_payment', 'DATA : a_dollar = 100000 / detail = ', '2014-04-08 11:05:37', '::1'),
(1086, 1, 'View loan_payment Table', NULL, '2014-04-08 11:05:37', '::1'),
(1087, 1, 'View fund Table', NULL, '2014-04-08 11:05:49', '::1'),
(1088, 1, 'View fund Table', NULL, '2014-04-08 11:08:45', '::1'),
(1089, 1, 'View accounts Table', NULL, '2014-04-08 11:08:51', '::1'),
(1090, 1, 'View loan_payout Table', NULL, '2014-04-08 11:09:09', '::1'),
(1091, 1, 'Write data to fund', 'DATA : owner_name = -50000 / detail = باوەری ماموەستا جەمال', '2014-04-08 11:09:17', '::1'),
(1092, 1, 'Write data to loan_payout', 'DATA : a_dollar = 50000 / detail = ', '2014-04-08 11:09:17', '::1'),
(1093, 1, 'View loan_payout Table', NULL, '2014-04-08 11:09:17', '::1'),
(1094, 1, 'View accounts Table', NULL, '2014-04-08 11:09:19', '::1'),
(1095, 1, 'View fund Table', NULL, '2014-04-08 11:09:25', '::1'),
(1096, 1, 'View expense Table', NULL, '2014-04-08 11:09:30', '::1'),
(1097, 1, 'View loan_payment Table', NULL, '2014-04-08 11:09:40', '::1'),
(1098, 1, 'View loan_payout Table', NULL, '2014-04-08 11:09:41', '::1'),
(1099, 1, 'View loan_payment Table', NULL, '2014-04-08 11:09:43', '::1'),
(1100, 1, 'View loan_payment Table', NULL, '2014-04-08 11:09:45', '::1'),
(1101, 1, 'View loan_payment Table', NULL, '2014-04-08 11:09:46', '::1'),
(1102, 1, 'View loan_payment Table', NULL, '2014-04-08 11:10:49', '::1'),
(1103, 1, 'View loan_payout Table', NULL, '2014-04-08 11:10:50', '::1'),
(1104, 1, 'View loan_payment Table', NULL, '2014-04-08 11:10:51', '::1'),
(1105, 1, 'View loan_payout Table', NULL, '2014-04-08 11:10:52', '::1'),
(1106, 1, 'View loan_payment Table', NULL, '2014-04-08 11:10:53', '::1'),
(1107, 1, 'View accounts Table', NULL, '2014-04-08 11:10:53', '::1'),
(1108, 1, 'View expense Table', NULL, '2014-04-08 11:10:54', '::1'),
(1109, 1, 'View fund Table', NULL, '2014-04-08 11:10:55', '::1'),
(1110, 1, 'View loan_payment Table', NULL, '2014-04-08 11:11:16', '::1'),
(1111, 1, 'View loan_payout Table', NULL, '2014-04-08 11:11:18', '::1'),
(1112, 1, 'View loan_payment Table', NULL, '2014-04-08 11:11:18', '::1'),
(1113, 1, 'View accounts Table', NULL, '2014-04-08 11:11:19', '::1'),
(1114, 1, 'View expense Table', NULL, '2014-04-08 11:11:19', '::1'),
(1115, 1, 'View fund Table', NULL, '2014-04-08 11:11:20', '::1'),
(1116, 1, 'View fund Table', NULL, '2014-04-08 11:11:21', '::1'),
(1117, 1, 'View expense Table', NULL, '2014-04-08 11:11:22', '::1'),
(1118, 1, 'View accounts Table', NULL, '2014-04-08 11:11:23', '::1'),
(1119, 1, 'View loan_payment Table', NULL, '2014-04-08 11:11:24', '::1'),
(1120, 1, 'View loan_payout Table', NULL, '2014-04-08 11:11:24', '::1'),
(1121, 1, 'View loan_payment Table', NULL, '2014-04-08 11:11:25', '::1'),
(1122, 1, 'View fund Table', NULL, '2014-04-08 11:15:25', '::1'),
(1123, 1, 'View expense Table', NULL, '2014-04-08 11:15:26', '::1'),
(1124, 1, 'View Reports', NULL, '2014-04-08 11:16:10', '::1'),
(1125, 1, 'View Reports', NULL, '2014-04-08 11:16:13', '::1'),
(1126, 1, 'View Reports', NULL, '2014-04-08 11:16:13', '::1'),
(1127, 1, 'View Reports', NULL, '2014-04-08 11:16:14', '::1'),
(1128, 1, 'View fund Table', NULL, '2014-04-08 11:16:17', '::1'),
(1129, 1, 'View All User Activity', NULL, '2014-04-08 11:22:00', '::1'),
(1130, 1, 'View fund Table', NULL, '2014-04-08 11:22:14', '::1'),
(1131, 1, 'View fund Table', NULL, '2014-04-08 11:23:35', '::1'),
(1132, 1, 'View fund Table', NULL, '2014-04-08 11:23:43', '::1'),
(1133, 1, 'View fund Table', NULL, '2014-04-08 11:23:55', '::1'),
(1134, 1, 'View fund Table', NULL, '2014-04-08 11:23:58', '::1'),
(1135, 1, 'View fund Table', NULL, '2014-04-08 11:24:01', '::1'),
(1136, 1, 'View expense Table', NULL, '2014-04-08 11:24:01', '::1'),
(1137, 1, 'View fund Table', NULL, '2014-04-08 11:24:03', '::1'),
(1138, 1, 'View expense Table', NULL, '2014-04-08 11:24:10', '::1'),
(1139, 1, 'View fund Table', NULL, '2014-04-08 11:24:12', '::1'),
(1140, 1, 'View fund Table', NULL, '2014-04-08 11:24:21', '::1'),
(1141, 1, 'View expense Table', NULL, '2014-04-08 11:24:39', '::1'),
(1142, 1, 'View accounts Table', NULL, '2014-04-08 11:24:40', '::1'),
(1143, 1, 'View expense Table', NULL, '2014-04-08 11:24:42', '::1'),
(1144, 1, 'View accounts Table', NULL, '2014-04-08 11:25:05', '::1'),
(1145, 1, 'View fund Table', NULL, '2014-04-08 11:26:10', '::1'),
(1146, 1, 'View loan_payment Table', NULL, '2014-04-08 11:28:14', '::1'),
(1147, 1, 'View loan_payment Table', NULL, '2014-04-08 11:28:15', '::1'),
(1148, 1, 'View loan_payout Table', NULL, '2014-04-08 11:28:16', '::1'),
(1149, 1, 'View loan_payment Table', NULL, '2014-04-08 11:28:17', '::1'),
(1150, 1, 'View accounts Table', NULL, '2014-04-08 11:28:20', '::1'),
(1151, 1, 'View fund Table', NULL, '2014-04-08 11:29:07', '::1'),
(1152, 1, 'Write data to fund', 'DATA : owner_name = 100 / detail = ', '2014-04-08 11:29:21', '::1'),
(1153, 1, 'View fund Table', NULL, '2014-04-08 11:29:21', '::1'),
(1154, 1, 'View loan_payment Table', NULL, '2014-04-08 11:32:01', '::1'),
(1155, 1, 'View loan_payout Table', NULL, '2014-04-08 11:32:03', '::1'),
(1156, 1, 'View accounts Table', NULL, '2014-04-08 11:32:07', '::1'),
(1157, 1, 'View fund Table', NULL, '2014-04-08 11:36:18', '::1'),
(1158, 1, 'View loan_payment Table', NULL, '2014-04-08 11:36:26', '::1'),
(1159, 1, 'View loan_payout Table', NULL, '2014-04-08 11:36:48', '::1'),
(1160, 1, 'View loan_payment Table', NULL, '2014-04-08 11:36:49', '::1'),
(1161, 1, 'View accounts Table', NULL, '2014-04-08 11:36:50', '::1'),
(1162, 1, 'View expense Table', NULL, '2014-04-08 11:36:51', '::1'),
(1163, 1, 'View fund Table', NULL, '2014-04-08 11:36:54', '::1'),
(1164, 1, 'View expense Table', NULL, '2014-04-08 11:36:54', '::1'),
(1165, 1, 'View fund Table', NULL, '2014-04-08 11:40:22', '::1'),
(1166, 1, 'View fund Table', NULL, '2014-04-08 11:41:10', '::1'),
(1167, 1, 'View expense Table', NULL, '2014-04-08 11:41:11', '::1'),
(1168, 1, 'View accounts Table', NULL, '2014-04-08 11:41:12', '::1'),
(1169, 1, 'View loan_payment Table', NULL, '2014-04-08 11:41:13', '::1'),
(1170, 1, 'View loan_payout Table', NULL, '2014-04-08 11:41:14', '::1'),
(1171, 1, 'View loan_payment Table', NULL, '2014-04-08 11:41:15', '::1'),
(1172, 1, 'View fund Table', NULL, '2014-04-08 11:41:40', '::1'),
(1173, 1, 'View expense Table', NULL, '2014-04-08 11:42:25', '::1'),
(1174, 1, 'View accounts Table', NULL, '2014-04-08 11:42:45', '::1'),
(1175, 1, 'View accounts Table', NULL, '2014-04-08 11:42:59', '::1'),
(1176, 1, 'View fund Table', NULL, '2014-04-08 11:43:08', '::1'),
(1177, 1, 'View loan_payout Table', NULL, '2014-04-08 11:43:46', '::1'),
(1178, 1, 'View loan_payment Table', NULL, '2014-04-08 11:43:47', '::1'),
(1179, 1, 'View accounts Table', NULL, '2014-04-08 11:43:47', '::1'),
(1180, 1, 'View expense Table', NULL, '2014-04-08 11:43:48', '::1'),
(1181, 1, 'View loan_payout Table', NULL, '2014-04-08 11:43:49', '::1'),
(1182, 1, 'View loan_payment Table', NULL, '2014-04-08 11:43:49', '::1'),
(1183, 1, 'View loan_payment Table', NULL, '2014-04-08 11:43:52', '::1'),
(1184, 1, 'View loan_payout Table', NULL, '2014-04-08 11:43:53', '::1'),
(1185, 1, 'View loan_payment Table', NULL, '2014-04-08 11:43:53', '::1'),
(1186, 1, 'View loan_payment Table', NULL, '2014-04-08 11:43:57', '::1'),
(1187, 1, 'View fund Table', NULL, '2014-04-08 11:45:50', '::1'),
(1188, 1, 'View fund Table', NULL, '2014-04-08 11:46:56', '::1'),
(1189, 1, 'View fund Table', NULL, '2014-04-08 11:47:42', '::1'),
(1190, 1, 'View expense Table', NULL, '2014-04-08 11:47:42', '::1'),
(1191, 1, 'View expense Table', NULL, '2014-04-08 11:47:49', '::1'),
(1192, 1, 'View expense Table', NULL, '2014-04-08 11:47:53', '::1'),
(1193, 1, 'View expense Table', NULL, '2014-04-08 11:48:07', '::1'),
(1194, 1, 'View accounts Table', NULL, '2014-04-08 11:48:11', '::1'),
(1195, 1, 'View accounts Table', NULL, '2014-04-08 11:49:45', '::1'),
(1196, 1, 'View accounts Table', NULL, '2014-04-08 11:49:48', '::1'),
(1197, 1, 'View loan_payment Table', NULL, '2014-04-08 11:49:49', '::1'),
(1198, 1, 'View loan_payment Table', NULL, '2014-04-08 11:50:08', '::1'),
(1199, 1, 'View loan_payout Table', NULL, '2014-04-08 11:50:10', '::1'),
(1200, 1, 'View loan_payout Table', NULL, '2014-04-08 11:50:14', '::1'),
(1201, 1, 'View loan_payment Table', NULL, '2014-04-08 11:50:15', '::1'),
(1202, 1, 'View loan_payment Table', NULL, '2014-04-08 11:52:25', '::1'),
(1203, 1, 'View loan_payment Table', NULL, '2014-04-08 11:52:32', '::1'),
(1204, 1, 'View loan_payout Table', NULL, '2014-04-08 11:52:33', '::1'),
(1205, 1, 'View fund Table', NULL, '2014-04-08 11:52:34', '::1'),
(1206, 1, 'View loan_payment Table', NULL, '2014-04-08 11:59:07', '::1'),
(1207, 1, 'View loan_payment Table', NULL, '2014-04-08 11:59:09', '::1'),
(1208, 1, 'View loan_payment Table', NULL, '2014-04-08 11:59:10', '::1'),
(1209, 1, 'View loan_payout Table', NULL, '2014-04-08 11:59:11', '::1'),
(1210, 1, 'View loan_payment Table', NULL, '2014-04-08 11:59:11', '::1'),
(1211, 1, 'View accounts Table', NULL, '2014-04-08 11:59:12', '::1'),
(1212, 1, 'View expense Table', NULL, '2014-04-08 11:59:13', '::1'),
(1213, 1, 'View fund Table', NULL, '2014-04-08 11:59:14', '::1'),
(1214, 1, 'View fund Table', NULL, '2014-04-08 11:59:15', '::1'),
(1215, 1, 'View expense Table', NULL, '2014-04-08 11:59:17', '::1'),
(1216, 1, 'View accounts Table', NULL, '2014-04-08 11:59:18', '::1'),
(1217, 1, 'View fund Table', NULL, '2014-04-08 11:59:20', '::1'),
(1218, 1, 'View expense Table', NULL, '2014-04-08 11:59:21', '::1'),
(1219, 1, 'View accounts Table', NULL, '2014-04-08 11:59:21', '::1'),
(1220, 1, 'View fund Table', NULL, '2014-04-08 12:02:18', '::1'),
(1221, 1, 'View expense Table', NULL, '2014-04-08 12:02:19', '::1'),
(1222, 1, 'View accounts Table', NULL, '2014-04-08 12:02:20', '::1'),
(1223, 1, 'View fund Table', NULL, '2014-04-08 12:02:23', '::1'),
(1224, 1, 'View fund Table', NULL, '2014-04-08 12:02:24', '::1'),
(1225, 1, 'View fund Table', NULL, '2014-04-08 12:02:29', '::1'),
(1226, 1, 'View fund Table', NULL, '2014-04-08 12:02:36', '::1'),
(1227, 1, 'View fund Table', NULL, '2014-04-08 12:03:10', '::1'),
(1228, 1, 'View loan_payout Table', NULL, '2014-04-08 12:03:23', '::1'),
(1229, 1, 'View loan_payment Table', NULL, '2014-04-08 12:03:24', '::1'),
(1230, 1, 'View accounts Table', NULL, '2014-04-08 12:03:25', '::1'),
(1231, 1, 'View expense Table', NULL, '2014-04-08 12:03:25', '::1'),
(1232, 1, 'View fund Table', NULL, '2014-04-08 12:03:26', '::1'),
(1233, 1, 'View expense Table', NULL, '2014-04-08 12:03:28', '::1'),
(1234, 1, 'View fund Table', NULL, '2014-04-08 12:03:28', '::1'),
(1235, 1, 'View fund Table', NULL, '2014-04-08 12:04:09', '::1'),
(1236, 1, 'View accounts Table', NULL, '2014-04-08 12:05:12', '::1'),
(1237, 1, 'View loan_payout Table', NULL, '2014-04-08 12:06:22', '::1'),
(1238, 1, 'View loan_payment Table', NULL, '2014-04-08 12:06:24', '::1'),
(1239, 1, 'View accounts Table', NULL, '2014-04-08 12:06:25', '::1'),
(1240, 1, 'View loan_payment Table', NULL, '2014-04-08 12:06:26', '::1'),
(1241, 1, 'View loan_payment Table', NULL, '2014-04-08 12:06:33', '::1'),
(1242, 1, 'View loan_payout Table', NULL, '2014-04-08 12:06:35', '::1'),
(1243, 1, 'View loan_payment Table', NULL, '2014-04-08 12:06:36', '::1'),
(1244, 1, 'View accounts Table', NULL, '2014-04-08 12:06:36', '::1'),
(1245, 1, 'View expense Table', NULL, '2014-04-08 12:06:37', '::1'),
(1246, 1, 'View fund Table', NULL, '2014-04-08 12:06:38', '::1'),
(1247, 1, 'View fund Table', NULL, '2014-04-08 12:06:40', '::1'),
(1248, 1, 'View expense Table', NULL, '2014-04-08 12:06:41', '::1'),
(1249, 1, 'View accounts Table', NULL, '2014-04-08 12:06:41', '::1'),
(1250, 1, 'View loan_payment Table', NULL, '2014-04-08 12:06:41', '::1'),
(1251, 1, 'View loan_payout Table', NULL, '2014-04-08 12:06:42', '::1'),
(1252, 1, 'View loan_payment Table', NULL, '2014-04-08 12:06:43', '::1'),
(1253, 1, 'View loan_payment Table', NULL, '2014-04-08 12:08:33', '::1'),
(1254, 1, 'View loan_payout Table', NULL, '2014-04-08 12:08:35', '::1'),
(1255, 1, 'View loan_payment Table', NULL, '2014-04-08 12:08:36', '::1'),
(1256, 1, 'View accounts Table', NULL, '2014-04-08 12:08:38', '::1'),
(1257, 1, 'View expense Table', NULL, '2014-04-08 12:08:39', '::1'),
(1258, 1, 'View fund Table', NULL, '2014-04-08 12:08:40', '::1'),
(1259, 1, 'View expense Table', NULL, '2014-04-08 12:09:34', '::1'),
(1260, 1, 'View accounts Table', NULL, '2014-04-08 12:09:34', '::1'),
(1261, 1, 'View loan_payment Table', NULL, '2014-04-08 12:09:35', '::1'),
(1262, 1, 'View loan_payout Table', NULL, '2014-04-08 12:09:35', '::1'),
(1263, 1, 'View loan_payment Table', NULL, '2014-04-08 12:09:36', '::1'),
(1264, 1, 'View loan_payment Table', NULL, '2014-04-08 12:09:38', '::1'),
(1265, 1, 'View loan_payment Table', NULL, '2014-04-08 12:09:39', '::1'),
(1266, 1, 'View loan_payment Table', NULL, '2014-04-08 12:09:48', '::1'),
(1267, 1, 'View loan_payment Table', NULL, '2014-04-08 12:11:03', '::1'),
(1268, 1, 'View fund Table', NULL, '2014-04-08 12:11:05', '::1'),
(1269, 1, 'View expense Table', NULL, '2014-04-08 12:11:09', '::1'),
(1270, 1, 'View expense Table', NULL, '2014-04-08 12:11:40', '::1'),
(1271, 1, 'View fund Table', NULL, '2014-04-08 12:11:41', '::1'),
(1272, 1, 'View fund Table', NULL, '2014-04-08 12:17:45', '::1'),
(1273, 1, 'View fund Table', NULL, '2014-04-08 12:18:05', '::1'),
(1274, 1, 'View fund Table', NULL, '2014-04-08 12:18:36', '::1'),
(1275, 1, 'View expense Table', NULL, '2014-04-08 12:18:37', '::1'),
(1276, 1, 'View accounts Table', NULL, '2014-04-08 12:18:38', '::1'),
(1277, 1, 'View loan_payment Table', NULL, '2014-04-08 12:18:39', '::1'),
(1278, 1, 'View loan_payout Table', NULL, '2014-04-08 12:18:40', '::1'),
(1279, 1, 'View loan_payment Table', NULL, '2014-04-08 12:18:41', '::1'),
(1280, 1, 'View loan_payment Table', NULL, '2014-04-08 12:18:43', '::1'),
(1281, 1, 'View loan_payment Table', NULL, '2014-04-08 12:18:45', '::1'),
(1282, 1, 'View accounts Table', NULL, '2014-04-08 12:18:45', '::1'),
(1283, 1, 'View expense Table', NULL, '2014-04-08 12:18:46', '::1'),
(1284, 1, 'View fund Table', NULL, '2014-04-08 12:18:46', '::1'),
(1285, 1, 'View loan_payout Table', NULL, '2014-04-08 12:18:48', '::1'),
(1286, 1, 'View loan_payment Table', NULL, '2014-04-08 12:18:49', '::1'),
(1287, 1, 'View loan_payment Table', NULL, '2014-04-08 12:18:58', '::1'),
(1288, 1, 'View loan_payment Table', NULL, '2014-04-08 12:23:59', '::1'),
(1289, 1, 'View loan_payment Table', NULL, '2014-04-08 12:24:00', '::1');
INSERT INTO `user_activity` (`id`, `id_user`, `action`, `detail`, `date`, `ip`) VALUES
(1290, 1, 'View fund Table', NULL, '2014-04-08 12:46:00', '::1'),
(1291, 1, 'View fund Table', NULL, '2014-04-08 12:56:58', '::1'),
(1292, 1, 'Write data to fund', 'DATA : owner_name = 500 / detail = ', '2014-04-08 12:57:00', '::1'),
(1293, 1, 'Write data to order_payment', 'DATA : a_dollar = 500 / detail = test', '2014-04-08 12:57:00', '::1'),
(1294, 1, 'View order_payment Table', NULL, '2014-04-08 12:57:00', '::1'),
(1295, 1, 'Write data to fund', 'DATA : owner_name = 500 / detail = ', '2014-04-08 12:57:04', '::1'),
(1296, 1, 'Write data to order_payment', 'DATA : a_dollar = 500 / detail = test', '2014-04-08 12:57:04', '::1'),
(1297, 1, 'View order_payment Table', NULL, '2014-04-08 12:57:04', '::1'),
(1298, 1, 'Write data to fund', 'DATA : owner_name = 500 / detail = ', '2014-04-08 12:57:08', '::1'),
(1299, 1, 'Write data to order_payment', 'DATA : a_dollar = 500 / detail = test', '2014-04-08 12:57:08', '::1'),
(1300, 1, 'View order_payment Table', NULL, '2014-04-08 12:57:08', '::1'),
(1301, 1, 'Write data to fund', 'DATA : owner_name = 500 / detail = ', '2014-04-08 12:57:11', '::1'),
(1302, 1, 'Write data to order_payment', 'DATA : a_dollar = 500 / detail = test', '2014-04-08 12:57:11', '::1'),
(1303, 1, 'View order_payment Table', NULL, '2014-04-08 12:57:11', '::1'),
(1304, 1, 'View loan_payout Table', NULL, '2014-04-08 12:57:14', '::1'),
(1305, 1, 'Write data to fund', 'DATA : owner_name = 500 / detail = ', '2014-04-08 12:57:15', '::1'),
(1306, 1, 'Write data to order_payment', 'DATA : a_dollar = 500 / detail = test', '2014-04-08 12:57:15', '::1'),
(1307, 1, 'View order_payment Table', NULL, '2014-04-08 12:57:15', '::1'),
(1308, 1, 'Write data to fund', 'DATA : owner_name = 500 / detail = ', '2014-04-08 12:57:19', '::1'),
(1309, 1, 'Write data to order_payment', 'DATA : a_dollar = 500 / detail = test', '2014-04-08 12:57:19', '::1'),
(1310, 1, 'View order_payment Table', NULL, '2014-04-08 12:57:19', '::1'),
(1311, 1, 'Write data to fund', 'DATA : owner_name = 500 / detail = ', '2014-04-08 12:57:23', '::1'),
(1312, 1, 'Write data to order_payment', 'DATA : a_dollar = 500 / detail = test', '2014-04-08 12:57:23', '::1'),
(1313, 1, 'View order_payment Table', NULL, '2014-04-08 12:57:23', '::1'),
(1314, 1, 'View loan_payout Table', NULL, '2014-04-08 12:57:33', '::1'),
(1315, 1, 'Write data to fund', 'DATA : owner_name = 500 / detail = ', '2014-04-08 12:57:52', '::1'),
(1316, 1, 'Write data to order_payment', 'DATA : a_dollar = 500 / detail = test', '2014-04-08 12:57:52', '::1'),
(1317, 1, 'View order_payment Table', NULL, '2014-04-08 12:57:52', '::1'),
(1318, 1, 'Write data to fund', 'DATA : owner_name = 500 / detail = ', '2014-04-08 12:58:27', '::1'),
(1319, 1, 'Write data to order_payment', 'DATA : a_dollar = 500 / detail = test', '2014-04-08 12:58:27', '::1'),
(1320, 1, 'View order_payment Table', NULL, '2014-04-08 12:58:27', '::1'),
(1321, 1, 'Write data to fund', 'DATA : owner_name = 500 / detail = ll', '2014-04-08 12:58:40', '::1'),
(1322, 1, 'Write data to order_payment', 'DATA : a_dollar = 500 / detail = test', '2014-04-08 12:58:40', '::1'),
(1323, 1, 'View order_payment Table', NULL, '2014-04-08 12:58:40', '::1'),
(1324, 1, 'View order_payment Table', NULL, '2014-04-08 12:58:50', '::1'),
(1325, 1, 'View order_payment Table', NULL, '2014-04-08 12:58:53', '::1'),
(1326, 1, 'View loan_payout Table', NULL, '2014-04-08 12:58:55', '::1'),
(1327, 1, 'View order_payment Table', NULL, '2014-04-08 12:58:56', '::1'),
(1328, 1, 'Write data to fund', 'DATA : owner_name = 900 / detail = ll', '2014-04-08 12:59:22', '::1'),
(1329, 1, 'Write data to order_payment', 'DATA : a_dollar = 900 / detail = dsfs', '2014-04-08 12:59:22', '::1'),
(1330, 1, 'View order_payment Table', NULL, '2014-04-08 12:59:22', '::1'),
(1331, 1, 'View fund Table', NULL, '2014-04-08 12:59:27', '::1'),
(1332, 1, 'View order_payment Table', NULL, '2014-04-08 12:59:44', '::1'),
(1333, 1, 'View order_payment Table', NULL, '2014-04-08 12:59:47', '::1'),
(1334, 1, 'View fund Table', NULL, '2014-04-08 12:59:49', '::1'),
(1335, 1, 'View fund Table', NULL, '2014-04-08 12:59:53', '::1'),
(1336, 1, 'View order_payment Table', NULL, '2014-04-08 12:59:54', '::1'),
(1337, 1, 'View order_payment Table', NULL, '2014-04-08 13:07:01', '::1'),
(1338, 1, 'View order_payment Table', NULL, '2014-04-08 13:07:03', '::1'),
(1339, 1, 'WARNING : Delete data in fund but havent permission', 'DATA : id = 61', '2014-04-08 13:13:44', '::1'),
(1340, 1, 'WARNING : Delete data in order_payment but havent permission', 'DATA : id = 12', '2014-04-08 13:13:44', '::1'),
(1341, 1, 'View order_payment Table', NULL, '2014-04-08 13:13:45', '::1'),
(1342, 1, 'View fund Table', NULL, '2014-04-08 13:13:46', '::1'),
(1343, 1, 'View order_payment Table', NULL, '2014-04-08 13:17:01', '::1'),
(1344, 1, 'View order_payment Table', NULL, '2014-04-08 13:23:41', '::1'),
(1345, 1, 'View loan_payout Table', NULL, '2014-04-08 13:23:42', '::1'),
(1346, 1, 'View order_payment Table', NULL, '2014-04-08 13:23:43', '::1'),
(1347, 1, 'View order_payment Table', NULL, '2014-04-08 13:23:49', '::1'),
(1348, 1, 'View order_payment Table', NULL, '2014-04-08 13:23:51', '::1'),
(1349, 1, 'View order_payment Table', NULL, '2014-04-08 13:24:04', '::1'),
(1350, 1, 'View loan_payout Table', NULL, '2014-04-08 13:24:04', '::1'),
(1351, 1, 'View order_payment Table', NULL, '2014-04-08 13:24:05', '::1'),
(1352, 1, 'Write data to fund', 'DATA : owner_name = 850 / detail = m&m -> N7N / ', '2014-04-08 13:24:37', '::1'),
(1353, 1, 'Write data to order_payment', 'DATA : a_dollar = 850 / detail = 123', '2014-04-08 13:24:37', '::1'),
(1354, 1, 'View order_payment Table', NULL, '2014-04-08 13:24:37', '::1'),
(1355, 1, 'View fund Table', NULL, '2014-04-08 13:24:42', '::1'),
(1356, 1, 'View order_payment Table', NULL, '2014-04-08 13:25:01', '::1'),
(1357, 1, 'Write data to fund', 'DATA : owner_name = 158,687 / detail = safi -> kafi / ', '2014-04-08 13:25:22', '::1'),
(1358, 1, 'Write data to order_payment', 'DATA : a_dollar = 158,687 / detail = ', '2014-04-08 13:25:22', '::1'),
(1359, 1, 'View order_payment Table', NULL, '2014-04-08 13:25:22', '::1'),
(1360, 1, 'View fund Table', NULL, '2014-04-08 13:25:26', '::1'),
(1361, 1, 'View order_payment Table', NULL, '2014-04-08 13:25:35', '::1'),
(1362, 1, 'Edit data in fund', 'DATA : name = owner_name = 158685 / detail =  / id = 63 ', '2014-04-08 13:25:42', '::1'),
(1363, 1, 'Edit data in order_payment', 'DATA : name = owner_name = 158685 / detail =  / id = 14 ', '2014-04-08 13:25:42', '::1'),
(1364, 1, 'Edit data in fund', 'DATA : name = owner_name = 158685 / detail = safi -> kafi /  / id = 63 ', '2014-04-08 13:26:21', '::1'),
(1365, 1, 'Edit data in order_payment', 'DATA : name = owner_name = 158685 / detail =  / id = 14 ', '2014-04-08 13:26:21', '::1'),
(1366, 1, 'View fund Table', NULL, '2014-04-08 13:26:24', '::1'),
(1367, 1, 'View order_payment Table', NULL, '2014-04-08 13:26:30', '::1'),
(1368, 1, 'Edit data in fund', 'DATA : name = owner_name = 158,687 / detail = safi -> kafi /  / id = 63 ', '2014-04-08 13:26:40', '::1'),
(1369, 1, 'Edit data in order_payment', 'DATA : name = owner_name = 158,687 / detail =  / id = 14 ', '2014-04-08 13:26:40', '::1'),
(1370, 1, 'View fund Table', NULL, '2014-04-08 13:26:41', '::1'),
(1371, 1, 'View order_payment Table', NULL, '2014-04-08 13:26:51', '::1'),
(1372, 1, 'Edit data in fund', 'DATA : name = owner_name = 158687 / detail = safi -> kafi /  / id = 63 ', '2014-04-08 13:26:58', '::1'),
(1373, 1, 'Edit data in order_payment', 'DATA : name = owner_name = 158687 / detail =  / id = 14 ', '2014-04-08 13:26:58', '::1'),
(1374, 1, 'View fund Table', NULL, '2014-04-08 13:26:59', '::1'),
(1375, 1, 'View order_payment Table', NULL, '2014-04-08 13:27:34', '::1'),
(1376, 1, 'View order_payment Table', NULL, '2014-04-08 13:38:08', '::1'),
(1377, 1, 'View loan_payout Table', NULL, '2014-04-08 13:38:09', '::1'),
(1378, 1, 'View order_payment Table', NULL, '2014-04-08 13:38:09', '::1'),
(1379, 1, 'View fund Table', NULL, '2014-04-08 13:39:21', '::1'),
(1380, 1, 'View loan_payout Table', NULL, '2014-04-08 13:40:25', '::1'),
(1381, 1, 'View order_payment Table', NULL, '2014-04-08 13:40:25', '::1'),
(1382, 1, 'View order_payment Table', NULL, '2014-04-08 13:41:00', '::1'),
(1383, 1, 'View order_payment Table', NULL, '2014-04-08 13:41:01', '::1'),
(1384, 1, 'View order_payment Table', NULL, '2014-04-08 13:41:45', '::1'),
(1385, 1, 'View fund Table', NULL, '2014-04-08 13:41:47', '::1'),
(1386, 1, 'View order_payment Table', NULL, '2014-04-08 13:41:49', '::1'),
(1387, 1, 'View order_payment Table', NULL, '2014-04-08 13:42:02', '::1'),
(1388, 1, 'View order_payment Table', NULL, '2014-04-08 13:42:04', '::1'),
(1389, 1, 'View order_payment Table', NULL, '2014-04-08 13:43:14', '::1'),
(1390, 1, 'View fund Table', NULL, '2014-04-08 13:43:16', '::1'),
(1391, 1, 'View expense Table', NULL, '2014-04-08 13:43:17', '::1'),
(1392, 1, 'View accounts Table', NULL, '2014-04-08 13:43:18', '::1'),
(1393, 1, 'View loan_payment Table', NULL, '2014-04-08 13:43:18', '::1'),
(1394, 1, 'View loan_payout Table', NULL, '2014-04-08 13:43:19', '::1'),
(1395, 1, 'View order_payment Table', NULL, '2014-04-08 13:43:20', '::1'),
(1396, 1, 'View order_payment Table', NULL, '2014-04-08 13:43:23', '::1'),
(1397, 1, 'View order_payment Table', NULL, '2014-04-08 13:43:24', '::1'),
(1398, 1, 'View loan_payout Table', NULL, '2014-04-08 13:43:24', '::1'),
(1399, 1, 'View order_payment Table', NULL, '2014-04-08 13:43:25', '::1'),
(1400, 1, 'View loan_payout Table', NULL, '2014-04-08 13:45:08', '::1'),
(1401, 1, 'View expense Table', NULL, '2014-04-08 13:45:20', '::1'),
(1402, 1, 'View order_payment Table', NULL, '2014-04-08 13:45:21', '::1'),
(1403, 1, 'View loan_payout Table', NULL, '2014-04-08 13:45:22', '::1'),
(1404, 1, 'View expense Table', NULL, '2014-04-08 13:45:25', '::1'),
(1405, 1, 'View order_payment Table', NULL, '2014-04-08 13:45:25', '::1'),
(1406, 1, 'View loan_payout Table', NULL, '2014-04-08 13:45:28', '::1'),
(1407, 1, 'View loan_payout Table', NULL, '2014-04-08 13:45:32', '::1'),
(1408, 1, 'View loan_payout Table', NULL, '2014-04-08 13:46:34', '::1'),
(1409, 1, 'View order_payment Table', NULL, '2014-04-08 13:46:38', '::1'),
(1410, 1, 'View loan_payout Table', NULL, '2014-04-08 13:46:40', '::1'),
(1411, 1, 'View order_payment Table', NULL, '2014-04-08 13:49:57', '::1'),
(1412, 1, 'View loan_payout Table', NULL, '2014-04-08 13:52:26', '::1'),
(1413, 1, 'View loan_payout Table', NULL, '2014-04-08 13:52:29', '::1'),
(1414, 1, 'View order_payment Table', NULL, '2014-04-08 13:53:23', '::1'),
(1415, 1, 'View order_payment Table', NULL, '2014-04-08 13:54:10', '::1'),
(1416, 1, 'View order_payment Table', NULL, '2014-04-08 13:54:14', '::1'),
(1417, 1, 'View order_payment Table', NULL, '2014-04-08 13:58:02', '::1'),
(1418, 1, 'View order_payment Table', NULL, '2014-04-08 13:58:24', '::1'),
(1419, 1, 'View order_payment Table', NULL, '2014-04-08 14:11:04', '::1'),
(1420, 1, 'View order_payment Table', NULL, '2014-04-08 14:12:17', '::1'),
(1421, 1, 'View order_payment Table', NULL, '2014-04-08 14:12:24', '::1'),
(1422, 1, 'View loan_payout Table', NULL, '2014-04-08 14:12:25', '::1'),
(1423, 1, 'View order_payment Table', NULL, '2014-04-08 14:12:29', '::1'),
(1424, 1, 'View order_payment Table', NULL, '2014-04-08 14:12:29', '::1'),
(1425, 1, 'Edit data in fund', 'DATA : name = owner_name = 158,687 / detail = safi -> kafi /  / id = 63 ', '2014-04-08 14:24:36', '::1'),
(1426, 1, 'Edit data in order_payment', 'DATA : name = owner_name = 158,687 / detail =  / id = 14 ', '2014-04-08 14:24:36', '::1'),
(1427, 1, 'View fund Table', NULL, '2014-04-08 14:24:40', '::1'),
(1428, 1, 'View order_payment Table', NULL, '2014-04-08 14:47:43', '::1'),
(1429, 1, 'View order_payment Table', NULL, '2014-04-08 15:02:06', '::1'),
(1430, 1, 'Write data to fund', 'DATA : owner_name = 5000 / detail = دیاکۆ ئەمیر -> ئاکۆ شەریفی / بۆکان', '2014-04-08 15:03:05', '::1'),
(1431, 1, 'Write data to order_payment', 'DATA : a_dollar = 5000 / detail = زو بگاتە دەستی', '2014-04-08 15:03:05', '::1'),
(1432, 1, 'View order_payment Table', NULL, '2014-04-08 15:03:05', '::1'),
(1433, 1, 'View loan_payout Table', NULL, '2014-04-08 15:03:09', '::1'),
(1434, 1, 'View order_payment Table', NULL, '2014-04-08 15:03:14', '::1'),
(1435, 1, 'View order_payment Table', NULL, '2014-04-08 15:03:47', '::1'),
(1436, 1, 'View order_payment Table', NULL, '2014-04-08 15:07:46', '::1'),
(1437, 1, 'View order_payment Table', NULL, '2014-04-08 15:07:47', '::1'),
(1438, 1, 'View order_payment Table', NULL, '2014-04-08 15:07:50', '::1'),
(1439, 1, 'View fund Table', NULL, '2014-04-08 15:07:53', '::1'),
(1440, 1, 'View order_payment Table', NULL, '2014-04-08 15:07:58', '::1'),
(1441, 1, 'View All User Activity', NULL, '2014-04-08 15:08:01', '::1'),
(1442, 1, 'View All User Activity', NULL, '2014-04-08 15:08:13', '::1'),
(1443, 1, 'View order_payment Table', NULL, '2014-04-08 15:08:14', '::1'),
(1444, 1, 'View loan_payout Table', NULL, '2014-04-08 15:08:15', '::1'),
(1445, 1, 'View loan_payment Table', NULL, '2014-04-08 15:08:17', '::1'),
(1446, 1, 'View accounts Table', NULL, '2014-04-08 15:08:18', '::1'),
(1447, 1, 'View expense Table', NULL, '2014-04-08 15:08:19', '::1'),
(1448, 1, 'View fund Table', NULL, '2014-04-08 15:08:19', '::1'),
(1449, 1, 'View fund Table', NULL, '2014-04-08 15:08:24', '::1'),
(1450, 1, 'View expense Table', NULL, '2014-04-08 15:08:24', '::1'),
(1451, 1, 'View accounts Table', NULL, '2014-04-08 15:08:25', '::1'),
(1452, 1, 'View loan_payment Table', NULL, '2014-04-08 15:08:25', '::1'),
(1453, 1, 'View loan_payout Table', NULL, '2014-04-08 15:08:26', '::1'),
(1454, 1, 'View order_payment Table', NULL, '2014-04-08 15:08:26', '::1'),
(1455, 1, 'View order_payment Table', NULL, '2014-04-08 15:08:31', '::1'),
(1456, 1, 'View order_payment Table', NULL, '2014-04-08 15:08:32', '::1'),
(1457, 1, 'View order_payment Table', NULL, '2014-04-08 15:26:19', '::1'),
(1458, 1, 'View loan_payment Table', NULL, '2014-04-08 15:47:44', '::1'),
(1459, 1, 'View loan_payout Table', NULL, '2014-04-08 15:47:45', '::1'),
(1460, 1, 'View order_payment Table', NULL, '2014-04-08 15:47:46', '::1'),
(1461, 1, 'View order_payment Table', NULL, '2014-04-08 15:47:48', '::1'),
(1462, 1, 'View loan_payout Table', NULL, '2014-04-08 15:47:49', '::1'),
(1463, 1, 'View loan_payment Table', NULL, '2014-04-08 15:47:50', '::1'),
(1464, 1, 'View accounts Table', NULL, '2014-04-08 15:47:50', '::1'),
(1465, 1, 'View expense Table', NULL, '2014-04-08 15:47:51', '::1'),
(1466, 1, 'View fund Table', NULL, '2014-04-08 15:47:51', '::1'),
(1467, 1, 'View fund Table', NULL, '2014-04-08 15:47:53', '::1'),
(1468, 1, 'View loan_payout Table', NULL, '2014-04-08 15:47:54', '::1'),
(1469, 1, 'View order_payment Table', NULL, '2014-04-08 15:47:54', '::1'),
(1470, 1, 'View order_payment Table', NULL, '2014-04-08 15:47:57', '::1'),
(1471, 1, 'View order_payment Table', NULL, '2014-04-08 15:49:25', '::1'),
(1472, 1, 'View order_payment Table', NULL, '2014-04-08 15:49:29', '::1'),
(1473, 1, 'View order_payment Table', NULL, '2014-04-08 15:49:30', '::1'),
(1474, 1, 'View order_payment Table', NULL, '2014-04-08 15:49:31', '::1'),
(1475, 1, 'View order_payment Table', NULL, '2014-04-08 15:49:35', '::1'),
(1476, 1, 'View order_payment Table', NULL, '2014-04-08 15:49:35', '::1'),
(1477, 1, 'View order_payment Table', NULL, '2014-04-08 15:50:13', '::1'),
(1478, 1, 'View order_payment Table', NULL, '2014-04-08 15:51:17', '::1'),
(1479, 1, 'View order_payment Table', NULL, '2014-04-08 15:51:31', '::1'),
(1480, 1, 'View order_payout Table', NULL, '2014-04-08 15:55:36', '::1'),
(1481, 1, 'View order_payment Table', NULL, '2014-04-08 15:55:37', '::1'),
(1482, 1, 'View order_payout Table', NULL, '2014-04-08 15:55:38', '::1'),
(1483, 1, 'View order_payment Table', NULL, '2014-04-08 15:55:39', '::1'),
(1484, 1, 'View order_payout Table', NULL, '2014-04-08 15:55:40', '::1'),
(1485, 1, 'Write data to fund', 'DATA : owner_name = 6565 / detail = 65 -> 6565 / 65', '2014-04-08 15:55:48', '::1'),
(1486, 1, 'Write data to order_payout', 'DATA : a_dollar = 6565 / detail = 65', '2014-04-08 15:55:48', '::1'),
(1487, 1, 'View order_payout Table', NULL, '2014-04-08 15:55:48', '::1'),
(1488, 1, 'View order_payout Table', NULL, '2014-04-08 15:55:51', '::1'),
(1489, 1, 'View order_payout Table', NULL, '2014-04-08 15:56:38', '::1'),
(1490, 1, 'View order_payout Table', NULL, '2014-04-08 15:56:40', '::1'),
(1491, 1, 'View order_payment Table', NULL, '2014-04-08 15:56:40', '::1'),
(1492, 1, 'View loan_payout Table', NULL, '2014-04-08 15:56:41', '::1'),
(1493, 1, 'View loan_payment Table', NULL, '2014-04-08 15:56:42', '::1'),
(1494, 1, 'View accounts Table', NULL, '2014-04-08 15:56:42', '::1'),
(1495, 1, 'View expense Table', NULL, '2014-04-08 15:56:43', '::1'),
(1496, 1, 'View fund Table', NULL, '2014-04-08 15:56:43', '::1'),
(1497, 1, 'View fund Table', NULL, '2014-04-08 15:56:45', '::1'),
(1498, 1, 'View order_payout Table', NULL, '2014-04-08 15:56:47', '::1'),
(1499, 1, 'View All User Activity', NULL, '2014-04-08 15:56:54', '::1'),
(1500, 1, 'View order_payout Table', NULL, '2014-04-08 15:56:55', '::1'),
(1501, 1, 'View order_payment Table', NULL, '2014-04-08 15:56:55', '::1'),
(1502, 1, 'View loan_payout Table', NULL, '2014-04-08 15:56:56', '::1'),
(1503, 1, 'View loan_payment Table', NULL, '2014-04-08 15:56:56', '::1'),
(1504, 1, 'View accounts Table', NULL, '2014-04-08 15:56:57', '::1'),
(1505, 1, 'View expense Table', NULL, '2014-04-08 15:56:57', '::1'),
(1506, 1, 'View fund Table', NULL, '2014-04-08 15:56:58', '::1'),
(1507, 1, 'View buy_account''s Detail', NULL, '2014-04-08 15:58:05', '::1'),
(1508, 1, 'View fund Table', NULL, '2014-04-08 15:58:46', '::1'),
(1509, 1, 'View fund Table', NULL, '2014-04-08 16:00:01', '::1'),
(1510, 1, 'Write data to fund', 'DATA : owner_name = 4000 / detail = 3232', '2014-04-08 16:00:17', '::1'),
(1511, 1, 'View fund Table', NULL, '2014-04-08 16:00:23', '::1'),
(1512, 1, 'Write data to fund', 'DATA : owner_name = 4000 / detail = 3232', '2014-04-08 16:01:13', '::1'),
(1513, 1, 'View fund Table', NULL, '2014-04-08 16:01:13', '::1'),
(1514, 1, 'Write data to fund', 'DATA : owner_name = 900 / detail = ', '2014-04-08 16:01:38', '::1'),
(1515, 1, 'View fund Table', NULL, '2014-04-08 16:01:38', '::1'),
(1516, 1, 'View fund Table', NULL, '2014-04-08 16:02:23', '::1'),
(1517, 1, 'View expense Table', NULL, '2014-04-08 16:02:24', '::1'),
(1518, 1, 'View accounts Table', NULL, '2014-04-08 16:02:25', '::1'),
(1519, 1, 'View loan_payment Table', NULL, '2014-04-08 16:02:25', '::1'),
(1520, 1, 'View loan_payout Table', NULL, '2014-04-08 16:02:26', '::1'),
(1521, 1, 'View order_payment Table', NULL, '2014-04-08 16:02:27', '::1'),
(1522, 1, 'View order_payout Table', NULL, '2014-04-08 16:02:28', '::1'),
(1523, 1, 'View All User Activity', NULL, '2014-04-08 16:02:29', '::1'),
(1524, 1, 'View All User Activity', NULL, '2014-04-08 16:02:33', '::1'),
(1525, 1, 'View order_payout Table', NULL, '2014-04-08 16:02:34', '::1'),
(1526, 1, 'View All User Activity', NULL, '2014-04-08 16:02:37', '::1'),
(1527, 1, 'View All User Activity', NULL, '2014-04-08 16:03:41', '::1'),
(1528, 1, 'View All User Activity', NULL, '2014-04-08 16:03:42', '::1'),
(1529, 1, 'View All User Activity', NULL, '2014-04-08 16:04:17', '::1'),
(1530, 1, 'View All User Activity', NULL, '2014-04-08 16:04:21', '::1'),
(1531, 1, 'View All User Activity', NULL, '2014-04-08 16:04:23', '::1'),
(1532, 1, 'View loan_payment Table', NULL, '2014-04-08 16:04:28', '::1'),
(1533, 1, 'View accounts Table', NULL, '2014-04-08 16:04:29', '::1'),
(1534, 1, 'View expense Table', NULL, '2014-04-08 16:04:29', '::1'),
(1535, 1, 'View fund Table', NULL, '2014-04-08 16:04:30', '::1'),
(1536, 1, 'View loan_payout Table', NULL, '2014-04-08 16:04:32', '::1'),
(1537, 1, 'View order_payment Table', NULL, '2014-04-08 16:04:33', '::1'),
(1538, 1, 'View order_payout Table', NULL, '2014-04-08 16:04:33', '::1'),
(1539, 1, 'View order_payout Table', NULL, '2014-04-08 16:05:46', '::1'),
(1540, 1, 'View order_payment Table', NULL, '2014-04-08 16:05:48', '::1'),
(1541, 1, 'View order_payout Table', NULL, '2014-04-08 16:05:49', '::1'),
(1542, 1, 'View loan_payment Table', NULL, '2014-04-08 16:06:10', '::1'),
(1543, 1, 'View accounts Table', NULL, '2014-04-08 16:06:11', '::1'),
(1544, 1, 'View expense Table', NULL, '2014-04-08 16:06:11', '::1'),
(1545, 1, 'View fund Table', NULL, '2014-04-08 16:06:12', '::1'),
(1546, 1, 'View fund Table', NULL, '2014-04-08 16:06:15', '::1'),
(1547, 1, 'View expense Table', NULL, '2014-04-08 16:06:25', '::1'),
(1548, 1, 'View accounts Table', NULL, '2014-04-08 16:06:26', '::1'),
(1549, 1, 'View loan_payment Table', NULL, '2014-04-08 16:06:26', '::1'),
(1550, 1, 'View loan_payout Table', NULL, '2014-04-08 16:06:27', '::1'),
(1551, 1, 'View order_payment Table', NULL, '2014-04-08 16:06:28', '::1'),
(1552, 1, 'View loan_payment Table', NULL, '2014-04-08 16:06:29', '::1'),
(1553, 1, 'View loan_payment Table', NULL, '2014-04-08 16:06:34', '::1'),
(1554, 1, 'View loan_payment Table', NULL, '2014-04-08 16:06:37', '::1'),
(1555, 1, 'Write data to fund', 'DATA : owner_name = 36000 / detail = دیاکۆ ئەمیر رەحمان', '2014-04-08 16:06:44', '::1'),
(1556, 1, 'Write data to loan_payment', 'DATA : a_dollar = 36000 / detail = ', '2014-04-08 16:06:44', '::1'),
(1557, 1, 'View loan_payment Table', NULL, '2014-04-08 16:06:44', '::1'),
(1558, 1, 'View loan_payment Table', NULL, '2014-04-08 16:06:58', '::1'),
(1559, 1, 'View accounts Table', NULL, '2014-04-08 16:06:59', '::1'),
(1560, 1, 'View loan_payout Table', NULL, '2014-04-08 16:07:16', '::1'),
(1561, 1, 'Write data to fund', 'DATA : owner_name = -50000 / detail = دیاکۆ ئەمیر رەحمان', '2014-04-08 16:07:24', '::1'),
(1562, 1, 'Write data to loan_payout', 'DATA : a_dollar = 50000 / detail = ', '2014-04-08 16:07:24', '::1'),
(1563, 1, 'View loan_payout Table', NULL, '2014-04-08 16:07:24', '::1'),
(1564, 1, 'View fund Table', NULL, '2014-04-08 16:07:26', '::1'),
(1565, 1, 'View accounts Table', NULL, '2014-04-08 16:07:30', '::1'),
(1566, 1, 'View fund Table', NULL, '2014-04-08 16:07:42', '::1'),
(1567, 1, 'View expense Table', NULL, '2014-04-08 16:07:42', '::1'),
(1568, 1, 'View accounts Table', NULL, '2014-04-08 16:07:43', '::1'),
(1569, 1, 'View loan_payment Table', NULL, '2014-04-08 16:07:43', '::1'),
(1570, 1, 'View loan_payout Table', NULL, '2014-04-08 16:07:44', '::1'),
(1571, 1, 'View order_payment Table', NULL, '2014-04-08 16:07:44', '::1'),
(1572, 1, 'View order_payout Table', NULL, '2014-04-08 16:07:45', '::1'),
(1573, 1, 'View All User Activity', NULL, '2014-04-08 16:07:46', '::1'),
(1574, 1, 'View order_payout Table', NULL, '2014-04-08 16:07:47', '::1'),
(1575, 1, 'View order_payment Table', NULL, '2014-04-08 16:07:48', '::1'),
(1576, 1, 'View loan_payout Table', NULL, '2014-04-08 16:07:48', '::1'),
(1577, 1, 'View loan_payment Table', NULL, '2014-04-08 16:07:49', '::1'),
(1578, 1, 'View accounts Table', NULL, '2014-04-08 16:07:49', '::1'),
(1579, 1, 'View expense Table', NULL, '2014-04-08 16:07:50', '::1'),
(1580, 1, 'View fund Table', NULL, '2014-04-08 16:07:50', '::1'),
(1581, 1, 'View fund Table', NULL, '2014-04-08 16:10:37', '::1'),
(1582, 1, 'View expense Table', NULL, '2014-04-08 16:10:37', '::1'),
(1583, 1, 'View accounts Table', NULL, '2014-04-08 16:10:38', '::1'),
(1584, 1, 'View loan_payment Table', NULL, '2014-04-08 16:10:39', '::1'),
(1585, 1, 'View loan_payout Table', NULL, '2014-04-08 16:10:39', '::1'),
(1586, 1, 'View order_payment Table', NULL, '2014-04-08 16:10:40', '::1'),
(1587, 1, 'View order_payout Table', NULL, '2014-04-08 16:10:40', '::1'),
(1588, 1, 'View All User Activity', NULL, '2014-04-08 16:10:41', '::1'),
(1589, 1, 'View fund Table', NULL, '2014-04-08 16:10:43', '::1'),
(1590, 1, 'View expense Table', NULL, '2014-04-08 16:14:52', '::1'),
(1591, 1, 'View accounts Table', NULL, '2014-04-08 16:14:52', '::1'),
(1592, 1, 'View loan_payment Table', NULL, '2014-04-08 16:14:53', '::1'),
(1593, 1, 'View loan_payout Table', NULL, '2014-04-08 16:14:54', '::1'),
(1594, 1, 'View order_payment Table', NULL, '2014-04-08 16:14:54', '::1'),
(1595, 1, 'View order_payout Table', NULL, '2014-04-08 16:14:55', '::1'),
(1596, 1, 'View fund Table', NULL, '2014-04-08 16:14:56', '::1'),
(1597, 1, 'View fund Table', NULL, '2014-04-08 16:14:57', '::1'),
(1598, 1, 'View fund Table', NULL, '2014-04-08 16:14:59', '::1'),
(1599, 1, 'View All User Activity', NULL, '2014-04-08 16:15:01', '::1'),
(1600, 1, 'View fund Table', NULL, '2014-04-08 16:15:02', '::1'),
(1601, 1, 'View Reports', NULL, '2014-04-08 16:15:11', '::1'),
(1602, 1, 'View Reports', NULL, '2014-04-08 16:15:14', '::1'),
(1603, 1, 'View Reports', NULL, '2014-04-08 16:15:15', '::1'),
(1604, 1, 'View Reports', NULL, '2014-04-08 16:15:15', '::1'),
(1605, 1, 'View Reports', NULL, '2014-04-08 16:15:16', '::1'),
(1606, 1, 'View Reports', NULL, '2014-04-08 16:15:16', '::1'),
(1607, 1, 'View Reports', NULL, '2014-04-08 16:15:17', '::1'),
(1608, 1, 'View Reports', NULL, '2014-04-08 16:15:18', '::1'),
(1609, 1, 'View fund Table', NULL, '2014-04-08 16:15:45', '::1'),
(1610, 1, 'View expense Table', NULL, '2014-04-08 16:15:45', '::1'),
(1611, 1, 'View fund Table', NULL, '2014-04-08 16:15:46', '::1'),
(1612, 1, 'View expense Table', NULL, '2014-04-08 16:15:49', '::1'),
(1613, 1, 'View accounts Table', NULL, '2014-04-08 16:15:50', '::1'),
(1614, 1, 'View loan_payment Table', NULL, '2014-04-08 16:15:51', '::1'),
(1615, 1, 'View loan_payout Table', NULL, '2014-04-08 16:15:51', '::1'),
(1616, 1, 'View order_payment Table', NULL, '2014-04-08 16:15:52', '::1'),
(1617, 1, 'View order_payout Table', NULL, '2014-04-08 16:15:53', '::1'),
(1618, 1, 'View All User Activity', NULL, '2014-04-08 16:15:53', '::1'),
(1619, 1, 'View fund Table', NULL, '2014-04-08 16:16:02', '::1'),
(1620, 1, 'View fund Table', NULL, '2014-04-08 16:16:11', '::1'),
(1621, 1, 'View fund Table', NULL, '2014-04-08 16:18:37', '::1'),
(1622, 1, 'View fund Table', NULL, '2014-04-08 16:18:39', '::1'),
(1623, 1, 'View expense Table', NULL, '2014-04-08 16:18:40', '::1'),
(1624, 1, 'View accounts Table', NULL, '2014-04-08 16:18:40', '::1'),
(1625, 1, 'View loan_payment Table', NULL, '2014-04-08 16:18:41', '::1'),
(1626, 1, 'View loan_payout Table', NULL, '2014-04-08 16:18:41', '::1'),
(1627, 1, 'View order_payment Table', NULL, '2014-04-08 16:18:42', '::1'),
(1628, 1, 'View order_payout Table', NULL, '2014-04-08 16:18:43', '::1'),
(1629, 1, 'View order_payment Table', NULL, '2014-04-08 16:18:47', '::1'),
(1630, 1, 'View order_payment Table', NULL, '2014-04-08 16:18:49', '::1'),
(1631, 1, 'View All User Activity', NULL, '2014-04-08 16:18:50', '::1'),
(1632, 1, 'View fund Table', NULL, '2014-04-08 16:18:53', '::1'),
(1633, 1, 'View fund Table', NULL, '2014-04-08 16:18:57', '::1'),
(1634, 1, 'View All User Activity', NULL, '2014-04-08 16:19:21', '::1'),
(1635, 1, 'View order_payout Table', NULL, '2014-04-08 16:19:22', '::1'),
(1636, 1, 'View order_payment Table', NULL, '2014-04-08 16:19:23', '::1'),
(1637, 1, 'View loan_payout Table', NULL, '2014-04-08 16:19:23', '::1'),
(1638, 1, 'View accounts Table', NULL, '2014-04-08 16:19:24', '::1'),
(1639, 1, 'View expense Table', NULL, '2014-04-08 16:19:25', '::1'),
(1640, 1, 'View fund Table', NULL, '2014-04-08 16:19:25', '::1');

/*!40101 SET CHARACTER_SET_CLIENT=@OLD_CHARACTER_SET_CLIENT */;
/*!40101 SET CHARACTER_SET_RESULTS=@OLD_CHARACTER_SET_RESULTS */;
/*!40101 SET COLLATION_CONNECTION=@OLD_COLLATION_CONNECTION */;
